
================================================================================
>>> Deploying pg_auto_failover cluster (PostgreSQL 17)
================================================================================
10.1.1.242 | SUCCESS => {
    "ansible_facts": {
        "ansible_all_ipv4_addresses": [
            "10.1.1.242"
        ],
        "ansible_all_ipv6_addresses": [
            "fe80::66:3dff:fe73:9145"
        ],
        "ansible_apparmor": {
            "status": "enabled"
        },
        "ansible_architecture": "x86_64",
        "ansible_bios_date": "10/16/2017",
        "ansible_bios_vendor": "Amazon EC2",
        "ansible_bios_version": "1.0",
        "ansible_board_asset_tag": "i-0a231fd3802a8a443",
        "ansible_board_name": "NA",
        "ansible_board_serial": "NA",
        "ansible_board_vendor": "Amazon EC2",
        "ansible_board_version": "NA",
        "ansible_chassis_asset_tag": "Amazon EC2",
        "ansible_chassis_serial": "NA",
        "ansible_chassis_vendor": "Amazon EC2",
        "ansible_chassis_version": "NA",
        "ansible_cmdline": {
            "BOOT_IMAGE": "/vmlinuz-7.0.0-1010-aws",
            "console": "ttyS0",
            "nvme_core.io_timeout": "4294967295",
            "panic": "-1",
            "ro": true,
            "root": "PARTUUID=fe814a98-f7fd-4c3d-9642-c18fe64c6e5d"
        },
        "ansible_date_time": {
            "date": "2026-08-20",
            "day": "20",
            "epoch": "1787228459",
            "epoch_int": "1787228459",
            "hour": "12",
            "iso8601": "2026-08-20T12:20:59Z",
            "iso8601_basic": "20260820T122059597712",
            "iso8601_basic_short": "20260820T122059",
            "iso8601_micro": "2026-08-20T12:20:59.597712Z",
            "minute": "20",
            "month": "08",
            "second": "59",
            "time": "12:20:59",
            "tz": "UTC",
            "tz_dst": "UTC",
            "tz_offset": "+0000",
            "weekday": "Thursday",
            "weekday_number": "4",
            "weeknumber": "33",
            "year": "2026"
        },
        "ansible_default_ipv4": {
            "address": "10.1.1.242",
            "alias": "ens5",
            "broadcast": "",
            "gateway": "10.1.1.1",
            "interface": "ens5",
            "macaddress": "02:66:3d:73:91:45",
            "mtu": 9001,
            "netmask": "255.255.255.0",
            "network": "10.1.1.0",
            "prefix": "24",
            "type": "ether"
        },
        "ansible_default_ipv6": {},
        "ansible_device_links": {
            "ids": {
                "nvme0n1": [
                    "nvme-Amazon_Elastic_Block_Store_vol03c19246750df352c",
                    "nvme-Amazon_Elastic_Block_Store_vol03c19246750df352c_1",
                    "nvme-nvme.1d0f-766f6c3033633139323436373530646633353263-416d617a6f6e20456c617374696320426c6f636b2053746f7265-00000001"
                ],
                "nvme0n1p1": [
                    "nvme-Amazon_Elastic_Block_Store_vol03c19246750df352c-part1",
                    "nvme-Amazon_Elastic_Block_Store_vol03c19246750df352c_1-part1",
                    "nvme-nvme.1d0f-766f6c3033633139323436373530646633353263-416d617a6f6e20456c617374696320426c6f636b2053746f7265-00000001-part1"
                ],
                "nvme0n1p14": [
                    "nvme-Amazon_Elastic_Block_Store_vol03c19246750df352c-part14",
                    "nvme-Amazon_Elastic_Block_Store_vol03c19246750df352c_1-part14",
                    "nvme-nvme.1d0f-766f6c3033633139323436373530646633353263-416d617a6f6e20456c617374696320426c6f636b2053746f7265-00000001-part14"
                ],
                "nvme0n1p15": [
                    "nvme-Amazon_Elastic_Block_Store_vol03c19246750df352c-part15",
                    "nvme-Amazon_Elastic_Block_Store_vol03c19246750df352c_1-part15",
                    "nvme-nvme.1d0f-766f6c3033633139323436373530646633353263-416d617a6f6e20456c617374696320426c6f636b2053746f7265-00000001-part15"
                ],
                "nvme0n1p16": [
                    "nvme-Amazon_Elastic_Block_Store_vol03c19246750df352c-part16",
                    "nvme-Amazon_Elastic_Block_Store_vol03c19246750df352c_1-part16",
                    "nvme-nvme.1d0f-766f6c3033633139323436373530646633353263-416d617a6f6e20456c617374696320426c6f636b2053746f7265-00000001-part16"
                ]
            },
            "labels": {
                "nvme0n1p1": [
                    "cloudimg-rootfs"
                ],
                "nvme0n1p15": [
                    "UEFI"
                ],
                "nvme0n1p16": [
                    "BOOT"
                ]
            },
            "masters": {},
            "uuids": {
                "nvme0n1p1": [
                    "0ef35759-eb42-4358-9a2a-1f74696d7007"
                ],
                "nvme0n1p15": [
                    "886D-F892"
                ],
                "nvme0n1p16": [
                    "8fb95cef-95fc-48ca-aaab-3f1b1df59748"
                ]
            }
        },
        "ansible_devices": {
            "loop0": {
                "holders": [],
                "host": "",
                "links": {
                    "ids": [],
                    "labels": [],
                    "masters": [],
                    "uuids": []
                },
                "model": null,
                "partitions": {},
                "removable": "0",
                "rotational": "0",
                "sas_address": null,
                "sas_device_handle": null,
                "scheduler_mode": "none",
                "sectors": "57752",
                "sectorsize": "512",
                "size": "28.20 MB",
                "support_discard": "4096",
                "vendor": null,
                "virtual": 1
            },
            "loop1": {
                "holders": [],
                "host": "",
                "links": {
                    "ids": [],
                    "labels": [],
                    "masters": [],
                    "uuids": []
                },
                "model": null,
                "partitions": {},
                "removable": "0",
                "rotational": "0",
                "sas_address": null,
                "sas_device_handle": null,
                "scheduler_mode": "none",
                "sectors": "58160",
                "sectorsize": "512",
                "size": "28.40 MB",
                "support_discard": "4096",
                "vendor": null,
                "virtual": 1
            },
            "loop2": {
                "holders": [],
                "host": "",
                "links": {
                    "ids": [],
                    "labels": [],
                    "masters": [],
                    "uuids": []
                },
                "model": null,
                "partitions": {},
                "removable": "0",
                "rotational": "0",
                "sas_address": null,
                "sas_device_handle": null,
                "scheduler_mode": "none",
                "sectors": "151536",
                "sectorsize": "512",
                "size": "73.99 MB",
                "support_discard": "4096",
                "vendor": null,
                "virtual": 1
            },
            "loop3": {
                "holders": [],
                "host": "",
                "links": {
                    "ids": [],
                    "labels": [],
                    "masters": [],
                    "uuids": []
                },
                "model": null,
                "partitions": {},
                "removable": "0",
                "rotational": "0",
                "sas_address": null,
                "sas_device_handle": null,
                "scheduler_mode": "none",
                "sectors": "151512",
                "sectorsize": "512",
                "size": "73.98 MB",
                "support_discard": "4096",
                "vendor": null,
                "virtual": 1
            },
            "loop4": {
                "holders": [],
                "host": "",
                "links": {
                    "ids": [],
                    "labels": [],
                    "masters": [],
                    "uuids": []
                },
                "model": null,
                "partitions": {},
                "removable": "0",
                "rotational": "0",
                "sas_address": null,
                "sas_device_handle": null,
                "scheduler_mode": "none",
                "sectors": "102608",
                "sectorsize": "512",
                "size": "50.10 MB",
                "support_discard": "4096",
                "vendor": null,
                "virtual": 1
            },
            "loop5": {
                "holders": [],
                "host": "",
                "links": {
                    "ids": [],
                    "labels": [],
                    "masters": [],
                    "uuids": []
                },
                "model": null,
                "partitions": {},
                "removable": "0",
                "rotational": "0",
                "sas_address": null,
                "sas_device_handle": null,
                "scheduler_mode": "none",
                "sectors": "102608",
                "sectorsize": "512",
                "size": "50.10 MB",
                "support_discard": "4096",
                "vendor": null,
                "virtual": 1
            },
            "loop6": {
                "holders": [],
                "host": "",
                "links": {
                    "ids": [],
                    "labels": [],
                    "masters": [],
                    "uuids": []
                },
                "model": null,
                "partitions": {},
                "removable": "0",
                "rotational": "0",
                "sas_address": null,
                "sas_device_handle": null,
                "scheduler_mode": "none",
                "sectors": "0",
                "sectorsize": "512",
                "size": "0.00 Bytes",
                "support_discard": "4096",
                "vendor": null,
                "virtual": 1
            },
            "loop7": {
                "holders": [],
                "host": "",
                "links": {
                    "ids": [],
                    "labels": [],
                    "masters": [],
                    "uuids": []
                },
                "model": null,
                "partitions": {},
                "removable": "0",
                "rotational": "0",
                "sas_address": null,
                "sas_device_handle": null,
                "scheduler_mode": "none",
                "sectors": "0",
                "sectorsize": "512",
                "size": "0.00 Bytes",
                "support_discard": "0",
                "vendor": null,
                "virtual": 1
            },
            "nvme0n1": {
                "holders": [],
                "host": "Non-Volatile memory controller: Amazon.com, Inc. NVMe EBS Controller",
                "links": {
                    "ids": [
                        "nvme-Amazon_Elastic_Block_Store_vol03c19246750df352c",
                        "nvme-Amazon_Elastic_Block_Store_vol03c19246750df352c_1",
                        "nvme-nvme.1d0f-766f6c3033633139323436373530646633353263-416d617a6f6e20456c617374696320426c6f636b2053746f7265-00000001"
                    ],
                    "labels": [],
                    "masters": [],
                    "uuids": []
                },
                "model": "Amazon Elastic Block Store",
                "partitions": {
                    "nvme0n1p1": {
                        "holders": [],
                        "links": {
                            "ids": [
                                "nvme-Amazon_Elastic_Block_Store_vol03c19246750df352c-part1",
                                "nvme-Amazon_Elastic_Block_Store_vol03c19246750df352c_1-part1",
                                "nvme-nvme.1d0f-766f6c3033633139323436373530646633353263-416d617a6f6e20456c617374696320426c6f636b2053746f7265-00000001-part1"
                            ],
                            "labels": [
                                "cloudimg-rootfs"
                            ],
                            "masters": [],
                            "uuids": [
                                "0ef35759-eb42-4358-9a2a-1f74696d7007"
                            ]
                        },
                        "sectors": "14677983",
                        "sectorsize": 512,
                        "size": "7.00 GB",
                        "start": "2099200",
                        "uuid": "0ef35759-eb42-4358-9a2a-1f74696d7007"
                    },
                    "nvme0n1p14": {
                        "holders": [],
                        "links": {
                            "ids": [
                                "nvme-Amazon_Elastic_Block_Store_vol03c19246750df352c-part14",
                                "nvme-Amazon_Elastic_Block_Store_vol03c19246750df352c_1-part14",
                                "nvme-nvme.1d0f-766f6c3033633139323436373530646633353263-416d617a6f6e20456c617374696320426c6f636b2053746f7265-00000001-part14"
                            ],
                            "labels": [],
                            "masters": [],
                            "uuids": []
                        },
                        "sectors": "8192",
                        "sectorsize": 512,
                        "size": "4.00 MB",
                        "start": "2048",
                        "uuid": null
                    },
                    "nvme0n1p15": {
                        "holders": [],
                        "links": {
                            "ids": [
                                "nvme-Amazon_Elastic_Block_Store_vol03c19246750df352c-part15",
                                "nvme-Amazon_Elastic_Block_Store_vol03c19246750df352c_1-part15",
                                "nvme-nvme.1d0f-766f6c3033633139323436373530646633353263-416d617a6f6e20456c617374696320426c6f636b2053746f7265-00000001-part15"
                            ],
                            "labels": [
                                "UEFI"
                            ],
                            "masters": [],
                            "uuids": [
                                "886D-F892"
                            ]
                        },
                        "sectors": "217088",
                        "sectorsize": 512,
                        "size": "106.00 MB",
                        "start": "10240",
                        "uuid": "886D-F892"
                    },
                    "nvme0n1p16": {
                        "holders": [],
                        "links": {
                            "ids": [
                                "nvme-Amazon_Elastic_Block_Store_vol03c19246750df352c-part16",
                                "nvme-Amazon_Elastic_Block_Store_vol03c19246750df352c_1-part16",
                                "nvme-nvme.1d0f-766f6c3033633139323436373530646633353263-416d617a6f6e20456c617374696320426c6f636b2053746f7265-00000001-part16"
                            ],
                            "labels": [
                                "BOOT"
                            ],
                            "masters": [],
                            "uuids": [
                                "8fb95cef-95fc-48ca-aaab-3f1b1df59748"
                            ]
                        },
                        "sectors": "1869825",
                        "sectorsize": 512,
                        "size": "913.00 MB",
                        "start": "227328",
                        "uuid": "8fb95cef-95fc-48ca-aaab-3f1b1df59748"
                    }
                },
                "removable": "0",
                "rotational": "0",
                "sas_address": null,
                "sas_device_handle": null,
                "scheduler_mode": "none",
                "sectors": "16777216",
                "sectorsize": "512",
                "serial": "vol03c19246750df352c",
                "size": "8.00 GB",
                "support_discard": "0",
                "vendor": null,
                "virtual": 1
            }
        },
        "ansible_distribution": "Ubuntu",
        "ansible_distribution_file_parsed": true,
        "ansible_distribution_file_path": "/etc/os-release",
        "ansible_distribution_file_variety": "Debian",
        "ansible_distribution_major_version": "24",
        "ansible_distribution_release": "noble",
        "ansible_distribution_version": "24.04",
        "ansible_dns": {
            "nameservers": [
                "127.0.0.53"
            ],
            "options": {
                "edns0": true,
                "trust-ad": true
            },
            "search": [
                "ap-south-1.compute.internal"
            ]
        },
        "ansible_domain": "",
        "ansible_effective_group_id": 0,
        "ansible_effective_user_id": 0,
        "ansible_ens5": {
            "active": true,
            "device": "ens5",
            "features": {
                "esp_hw_offload": "off [fixed]",
                "esp_tx_csum_hw_offload": "off [fixed]",
                "generic_receive_offload": "on",
                "generic_segmentation_offload": "on",
                "highdma": "on",
                "hsr_dup_offload": "off [fixed]",
                "hsr_fwd_offload": "off [fixed]",
                "hsr_tag_ins_offload": "off [fixed]",
                "hsr_tag_rm_offload": "off [fixed]",
                "hw_tc_offload": "off [fixed]",
                "l2_fwd_offload": "off [fixed]",
                "large_receive_offload": "off [fixed]",
                "loopback": "off [fixed]",
                "macsec_hw_offload": "off [fixed]",
                "ntuple_filters": "off [fixed]",
                "receive_hashing": "on",
                "rx_all": "off [fixed]",
                "rx_checksumming": "off [fixed]",
                "rx_fcs": "off [fixed]",
                "rx_gro_hw": "off [fixed]",
                "rx_gro_list": "off",
                "rx_udp_gro_forwarding": "off",
                "rx_udp_tunnel_port_offload": "off [fixed]",
                "rx_vlan_filter": "off [fixed]",
                "rx_vlan_offload": "off [fixed]",
                "rx_vlan_stag_filter": "off [fixed]",
                "rx_vlan_stag_hw_parse": "off [fixed]",
                "scatter_gather": "on",
                "tcp_segmentation_offload": "off",
                "tls_hw_record": "off [fixed]",
                "tls_hw_rx_offload": "off [fixed]",
                "tls_hw_tx_offload": "off [fixed]",
                "tx_checksum_fcoe_crc": "off [fixed]",
                "tx_checksum_ip_generic": "off [fixed]",
                "tx_checksum_ipv4": "on",
                "tx_checksum_ipv6": "off [fixed]",
                "tx_checksum_sctp": "off [fixed]",
                "tx_checksumming": "on",
                "tx_esp_segmentation": "off [fixed]",
                "tx_fcoe_segmentation": "off [fixed]",
                "tx_gre_csum_segmentation": "off [fixed]",
                "tx_gre_segmentation": "off [fixed]",
                "tx_gso_list": "off [fixed]",
                "tx_gso_partial": "off [fixed]",
                "tx_gso_robust": "off [fixed]",
                "tx_ipxip4_segmentation": "off [fixed]",
                "tx_ipxip6_segmentation": "off [fixed]",
                "tx_nocache_copy": "off",
                "tx_scatter_gather": "on",
                "tx_scatter_gather_fraglist": "off [fixed]",
                "tx_sctp_segmentation": "off [fixed]",
                "tx_tcp6_segmentation": "off [fixed]",
                "tx_tcp_accecn_segmentation": "off [fixed]",
                "tx_tcp_ecn_segmentation": "off [fixed]",
                "tx_tcp_mangleid_segmentation": "off [fixed]",
                "tx_tcp_segmentation": "off [fixed]",
                "tx_tunnel_remcsum_segmentation": "off [fixed]",
                "tx_udp_segmentation": "off [fixed]",
                "tx_udp_tnl_csum_segmentation": "off [fixed]",
                "tx_udp_tnl_segmentation": "off [fixed]",
                "tx_vlan_offload": "off [fixed]",
                "tx_vlan_stag_hw_insert": "off [fixed]",
                "vlan_challenged": "off [fixed]"
            },
            "hw_timestamp_filters": [],
            "ipv4": {
                "address": "10.1.1.242",
                "broadcast": "",
                "netmask": "255.255.255.0",
                "network": "10.1.1.0",
                "prefix": "24"
            },
            "ipv6": [
                {
                    "address": "fe80::66:3dff:fe73:9145",
                    "prefix": "64",
                    "scope": "link"
                }
            ],
            "macaddress": "02:66:3d:73:91:45",
            "module": "ena",
            "mtu": 9001,
            "pciid": "0000:00:05.0",
            "promisc": false,
            "timestamping": [],
            "type": "ether"
        },
        "ansible_env": {
            "DBUS_SESSION_BUS_ADDRESS": "unix:path=/run/user/0/bus",
            "HOME": "/root",
            "LANG": "C.UTF-8",
            "LOGNAME": "root",
            "PATH": "/usr/local/sbin:/usr/local/bin:/usr/sbin:/usr/bin:/sbin:/bin:/usr/games:/usr/local/games:/snap/bin",
            "PWD": "/root",
            "SHELL": "/bin/bash",
            "SHLVL": "0",
            "SSH_CLIENT": "10.1.1.236 47860 22",
            "SSH_CONNECTION": "10.1.1.236 47860 10.1.1.242 22",
            "SSH_TTY": "/dev/pts/2",
            "USER": "root",
            "XDG_RUNTIME_DIR": "/run/user/0",
            "XDG_SESSION_CLASS": "user",
            "XDG_SESSION_ID": "68",
            "XDG_SESSION_TYPE": "tty",
            "_": "/bin/sh"
        },
        "ansible_fibre_channel_wwn": [],
        "ansible_fips": false,
        "ansible_form_factor": "Other",
        "ansible_fqdn": "ip-10-1-1-242",
        "ansible_hostname": "ip-10-1-1-242",
        "ansible_hostnqn": "",
        "ansible_interfaces": [
            "ens5",
            "lo"
        ],
        "ansible_is_chroot": false,
        "ansible_iscsi_iqn": "",
        "ansible_kernel": "7.0.0-1010-aws",
        "ansible_kernel_version": "#10~24.04.1-Ubuntu SMP PREEMPT Mon Jul 27 17:41:33 UTC 2026",
        "ansible_lo": {
            "active": true,
            "device": "lo",
            "features": {
                "esp_hw_offload": "off [fixed]",
                "esp_tx_csum_hw_offload": "off [fixed]",
                "generic_receive_offload": "on",
                "generic_segmentation_offload": "on",
                "highdma": "on [fixed]",
                "hsr_dup_offload": "off [fixed]",
                "hsr_fwd_offload": "off [fixed]",
                "hsr_tag_ins_offload": "off [fixed]",
                "hsr_tag_rm_offload": "off [fixed]",
                "hw_tc_offload": "off [fixed]",
                "l2_fwd_offload": "off [fixed]",
                "large_receive_offload": "off [fixed]",
                "loopback": "on [fixed]",
                "macsec_hw_offload": "off [fixed]",
                "ntuple_filters": "off [fixed]",
                "receive_hashing": "off [fixed]",
                "rx_all": "off [fixed]",
                "rx_checksumming": "on [fixed]",
                "rx_fcs": "off [fixed]",
                "rx_gro_hw": "off [fixed]",
                "rx_gro_list": "off",
                "rx_udp_gro_forwarding": "off",
                "rx_udp_tunnel_port_offload": "off [fixed]",
                "rx_vlan_filter": "off [fixed]",
                "rx_vlan_offload": "off [fixed]",
                "rx_vlan_stag_filter": "off [fixed]",
                "rx_vlan_stag_hw_parse": "off [fixed]",
                "scatter_gather": "on",
                "tcp_segmentation_offload": "on",
                "tls_hw_record": "off [fixed]",
                "tls_hw_rx_offload": "off [fixed]",
                "tls_hw_tx_offload": "off [fixed]",
                "tx_checksum_fcoe_crc": "off [fixed]",
                "tx_checksum_ip_generic": "on [fixed]",
                "tx_checksum_ipv4": "off [fixed]",
                "tx_checksum_ipv6": "off [fixed]",
                "tx_checksum_sctp": "on [fixed]",
                "tx_checksumming": "on",
                "tx_esp_segmentation": "off [fixed]",
                "tx_fcoe_segmentation": "off [fixed]",
                "tx_gre_csum_segmentation": "off [fixed]",
                "tx_gre_segmentation": "off [fixed]",
                "tx_gso_list": "on",
                "tx_gso_partial": "off [fixed]",
                "tx_gso_robust": "off [fixed]",
                "tx_ipxip4_segmentation": "off [fixed]",
                "tx_ipxip6_segmentation": "off [fixed]",
                "tx_nocache_copy": "off [fixed]",
                "tx_scatter_gather": "on [fixed]",
                "tx_scatter_gather_fraglist": "on [fixed]",
                "tx_sctp_segmentation": "on",
                "tx_tcp6_segmentation": "on",
                "tx_tcp_accecn_segmentation": "on",
                "tx_tcp_ecn_segmentation": "on",
                "tx_tcp_mangleid_segmentation": "on",
                "tx_tcp_segmentation": "on",
                "tx_tunnel_remcsum_segmentation": "off [fixed]",
                "tx_udp_segmentation": "on",
                "tx_udp_tnl_csum_segmentation": "off [fixed]",
                "tx_udp_tnl_segmentation": "off [fixed]",
                "tx_vlan_offload": "off [fixed]",
                "tx_vlan_stag_hw_insert": "off [fixed]",
                "vlan_challenged": "on [fixed]"
            },
            "hw_timestamp_filters": [],
            "ipv4": {
                "address": "127.0.0.1",
                "broadcast": "",
                "netmask": "255.0.0.0",
                "network": "127.0.0.0",
                "prefix": "8"
            },
            "ipv6": [
                {
                    "address": "::1",
                    "prefix": "128",
                    "scope": "host"
                }
            ],
            "mtu": 65536,
            "promisc": false,
            "timestamping": [],
            "type": "loopback"
        },
        "ansible_loadavg": {
            "15m": 0.0,
            "1m": 0.0,
            "5m": 0.0
        },
        "ansible_local": {},
        "ansible_locally_reachable_ips": {
            "ipv4": [
                "10.1.1.242",
                "127.0.0.0/8",
                "127.0.0.1"
            ],
            "ipv6": [
                "::1",
                "fe80::66:3dff:fe73:9145"
            ]
        },
        "ansible_lsb": {
            "codename": "noble",
            "description": "Ubuntu 24.04.4 LTS",
            "id": "Ubuntu",
            "major_release": "24",
            "release": "24.04"
        },
        "ansible_lvm": {
            "lvs": {},
            "pvs": {},
            "vgs": {}
        },
        "ansible_machine": "x86_64",
        "ansible_machine_id": "ec2332c0ddf2f0cc05f58d60a9ef1ce0",
        "ansible_memfree_mb": 1122,
        "ansible_memory_mb": {
            "nocache": {
                "free": 1628,
                "used": 278
            },
            "real": {
                "free": 1122,
                "total": 1906,
                "used": 784
            },
            "swap": {
                "cached": 0,
                "free": 0,
                "total": 0,
                "used": 0
            }
        },
        "ansible_memtotal_mb": 1906,
        "ansible_mounts": [
            {
                "block_available": 998539,
                "block_size": 4096,
                "block_total": 1758594,
                "block_used": 760055,
                "device": "/dev/root",
                "fstype": "ext4",
                "inode_available": 791121,
                "inode_total": 917504,
                "inode_used": 126383,
                "mount": "/",
                "options": "rw,relatime,discard,errors=remount-ro,commit=30",
                "size_available": 4090015744,
                "size_total": 7203201024,
                "uuid": "0ef35759-eb42-4358-9a2a-1f74696d7007"
            },
            {
                "block_available": 0,
                "block_size": 131072,
                "block_total": 226,
                "block_used": 226,
                "device": "/dev/loop0",
                "fstype": "squashfs",
                "inode_available": 0,
                "inode_total": 14,
                "inode_used": 14,
                "mount": "/snap/amazon-ssm-agent/13009",
                "options": "ro,nodev,relatime,errors=continue,threads=single",
                "size_available": 0,
                "size_total": 29622272,
                "uuid": "N/A"
            },
            {
                "block_available": 0,
                "block_size": 131072,
                "block_total": 228,
                "block_used": 228,
                "device": "/dev/loop1",
                "fstype": "squashfs",
                "inode_available": 0,
                "inode_total": 14,
                "inode_used": 14,
                "mount": "/snap/amazon-ssm-agent/13349",
                "options": "ro,nodev,relatime,errors=continue,threads=single",
                "size_available": 0,
                "size_total": 29884416,
                "uuid": "N/A"
            },
            {
                "block_available": 0,
                "block_size": 131072,
                "block_total": 592,
                "block_used": 592,
                "device": "/dev/loop2",
                "fstype": "squashfs",
                "inode_available": 0,
                "inode_total": 14270,
                "inode_used": 14270,
                "mount": "/snap/core22/2437",
                "options": "ro,nodev,relatime,errors=continue,threads=single",
                "size_available": 0,
                "size_total": 77594624,
                "uuid": "N/A"
            },
            {
                "block_available": 0,
                "block_size": 131072,
                "block_total": 592,
                "block_used": 592,
                "device": "/dev/loop3",
                "fstype": "squashfs",
                "inode_available": 0,
                "inode_total": 14270,
                "inode_used": 14270,
                "mount": "/snap/core22/2411",
                "options": "ro,nodev,relatime,errors=continue,threads=single",
                "size_available": 0,
                "size_total": 77594624,
                "uuid": "N/A"
            },
            {
                "block_available": 0,
                "block_size": 131072,
                "block_total": 401,
                "block_used": 401,
                "device": "/dev/loop5",
                "fstype": "squashfs",
                "inode_available": 0,
                "inode_total": 610,
                "inode_used": 610,
                "mount": "/snap/snapd/27591",
                "options": "ro,nodev,relatime,errors=continue,threads=single",
                "size_available": 0,
                "size_total": 52559872,
                "uuid": "N/A"
            },
            {
                "block_available": 0,
                "block_size": 131072,
                "block_total": 401,
                "block_used": 401,
                "device": "/dev/loop4",
                "fstype": "squashfs",
                "inode_available": 0,
                "inode_total": 610,
                "inode_used": 610,
                "mount": "/snap/snapd/27710",
                "options": "ro,nodev,relatime,errors=continue,threads=single",
                "size_available": 0,
                "size_total": 52559872,
                "uuid": "N/A"
            },
            {
                "block_available": 163019,
                "block_size": 4096,
                "block_total": 225380,
                "block_used": 62361,
                "device": "/dev/nvme0n1p16",
                "fstype": "ext4",
                "inode_available": 57891,
                "inode_total": 58496,
                "inode_used": 605,
                "mount": "/boot",
                "options": "rw,relatime",
                "size_available": 667725824,
                "size_total": 923156480,
                "uuid": "8fb95cef-95fc-48ca-aaab-3f1b1df59748"
            },
            {
                "block_available": 201164,
                "block_size": 512,
                "block_total": 213663,
                "block_used": 12499,
                "device": "/dev/nvme0n1p15",
                "fstype": "vfat",
                "inode_available": 0,
                "inode_total": 0,
                "inode_used": 0,
                "mount": "/boot/efi",
                "options": "rw,relatime,fmask=0077,dmask=0077,codepage=437,iocharset=iso8859-1,shortname=mixed,errors=remount-ro",
                "size_available": 102995968,
                "size_total": 109395456,
                "uuid": "886D-F892"
            }
        ],
        "ansible_nodename": "ip-10-1-1-242",
        "ansible_os_family": "Debian",
        "ansible_pkg_mgr": "apt",
        "ansible_proc_cmdline": {
            "BOOT_IMAGE": "/vmlinuz-7.0.0-1010-aws",
            "console": [
                "tty1",
                "ttyS0"
            ],
            "nvme_core.io_timeout": "4294967295",
            "panic": "-1",
            "ro": true,
            "root": "PARTUUID=fe814a98-f7fd-4c3d-9642-c18fe64c6e5d"
        },
        "ansible_processor": [
            "0",
            "GenuineIntel",
            "Intel(R) Xeon(R) Platinum 8259CL CPU @ 2.50GHz",
            "1",
            "GenuineIntel",
            "Intel(R) Xeon(R) Platinum 8259CL CPU @ 2.50GHz"
        ],
        "ansible_processor_cores": 1,
        "ansible_processor_count": 1,
        "ansible_processor_nproc": 2,
        "ansible_processor_threads_per_core": 2,
        "ansible_processor_vcpus": 2,
        "ansible_product_name": "t3.small",
        "ansible_product_serial": "ec2332c0-ddf2-f0cc-05f5-8d60a9ef1ce0",
        "ansible_product_uuid": "ec2332c0-ddf2-f0cc-05f5-8d60a9ef1ce0",
        "ansible_product_version": "NA",
        "ansible_python": {
            "executable": "/usr/bin/python3",
            "has_sslcontext": true,
            "type": "cpython",
            "version": {
                "major": 3,
                "micro": 3,
                "minor": 12,
                "releaselevel": "final",
                "serial": 0
            },
            "version_info": [
                3,
                12,
                3,
                "final",
                0
            ]
        },
        "ansible_python_version": "3.12.3",
        "ansible_real_group_id": 0,
        "ansible_real_user_id": 0,
        "ansible_selinux": {
            "status": "disabled"
        },
        "ansible_selinux_python_present": true,
        "ansible_service_mgr": "systemd",
        "ansible_ssh_host_key_ecdsa_public": "AAAAE2VjZHNhLXNoYTItbmlzdHAyNTYAAAAIbmlzdHAyNTYAAABBBFIYk9N0Ok+CKGP85n9xa/Yjd2XIZUiNKrwajNGcw9pLC4RTDX7pd1V7bM8ox8Lmx5YAluD6x/V8aiwWWtF/dH8=",
        "ansible_ssh_host_key_ecdsa_public_keytype": "ecdsa-sha2-nistp256",
        "ansible_ssh_host_key_ed25519_public": "AAAAC3NzaC1lZDI1NTE5AAAAIBE5J03Jaojavtic+ivzLcuuEutAJ49bxKCXr5T5l/XR",
        "ansible_ssh_host_key_ed25519_public_keytype": "ssh-ed25519",
        "ansible_ssh_host_key_rsa_public": "AAAAB3NzaC1yc2EAAAADAQABAAABgQCrgQKhk1RpK2hGEusbin9QqyyOxI8jo/VyIe8dZmR3pIfAGqKeZNm+aFZg1ftbh8wkSgjYxQ6677Jd+p0fk9/xvKbYyJx4+5c+zZlhmynfdykTvq//kEhZ67Bu+UE/G0lAZc2aLJxbZqCklNS4glCC2rxSA4qJcTn8mQR4lbUiqszjVmFj7wXsK9kpurqOGTpkxlhFcZh7wj6plQfdVZB++vvZLfBgyhifmS8fPggdVCKyuxugAxglYmJIa+21OFS9V4V5ITL2cGRuWYOgxCMq+swDqwfh8NMbi6ovoqoF8Shn0t4Sy3N5QAD7BGPGd2+JAFOsjah6rFIEZyqYKwm6q/m3MnMPGT+lul/QTrbe/WZjHMdmqLwefmswZVwRdSdCYazgB2Q9liZrOfAeUfz7u+QAOElM5H5Fsxh5GEmrSdgy8UOrxsvN0KifoD6RoQ2dnUNANwhkGRObFWjaPTtScKHgaFHR6u+f4L4o9Wi7kTFfjBUK9k1stPXvdYmJVRM=",
        "ansible_ssh_host_key_rsa_public_keytype": "ssh-rsa",
        "ansible_swapfree_mb": 0,
        "ansible_swaptotal_mb": 0,
        "ansible_system": "Linux",
        "ansible_system_capabilities": [],
        "ansible_system_capabilities_enforced": "False",
        "ansible_system_vendor": "Amazon EC2",
        "ansible_uptime_seconds": 28542,
        "ansible_user_dir": "/root",
        "ansible_user_gecos": "root",
        "ansible_user_gid": 0,
        "ansible_user_id": "root",
        "ansible_user_shell": "/bin/bash",
        "ansible_user_uid": 0,
        "ansible_userspace_architecture": "x86_64",
        "ansible_userspace_bits": "64",
        "ansible_virtualization_role": "guest",
        "ansible_virtualization_tech_guest": [
            "kvm"
        ],
        "ansible_virtualization_tech_host": [],
        "ansible_virtualization_type": "kvm",
        "gather_subset": [
            "all"
        ],
        "module_setup": true
    },
    "changed": false,
    "deprecations": [],
    "warnings": []
}
10.1.1.23 | UNREACHABLE! => {
    "changed": false,
    "msg": "Failed to connect to the host via ssh: ssh: connect to host 10.1.1.23 port 22: No route to host",
    "unreachable": true
}
10.1.1.242 | SUCCESS => {
    "cache_update_time": 1787228464,
    "cache_updated": true,
    "changed": false
}
10.1.1.242 | SUCCESS => {
    "changed": false,
    "gid": 0,
    "group": "root",
    "mode": "0755",
    "owner": "root",
    "path": "/usr/share/postgresql-common/pgdg",
    "size": 4096,
    "state": "directory",
    "uid": 0
}
10.1.1.242 | SUCCESS => {
    "changed": false,
    "dest": "/usr/share/postgresql-common/pgdg/apt.postgresql.org.asc",
    "elapsed": 0,
    "gid": 0,
    "group": "root",
    "mode": "0644",
    "msg": "HTTP Error 304: Not Modified",
    "owner": "root",
    "size": 4812,
    "state": "file",
    "status_code": 304,
    "uid": 0,
    "url": "https://www.postgresql.org/media/keys/ACCC4CF8.asc"
}
10.1.1.242 | SUCCESS => {
    "changed": false,
    "checksum": "e1937af2c48095ee725e60426a98d12af544023d",
    "dest": "/etc/apt/sources.list.d/pgdg.list",
    "gid": 0,
    "group": "root",
    "mode": "0644",
    "owner": "root",
    "path": "/etc/apt/sources.list.d/pgdg.list",
    "size": 130,
    "state": "file",
    "uid": 0
}
10.1.1.242 | CHANGED => {
    "cache_update_time": 1787228473,
    "cache_updated": true,
    "changed": true
}
10.1.1.242 | CHANGED => {
    "cache_update_time": 1787228475,
    "cache_updated": true,
    "changed": true,
    "stderr": "",
    "stderr_lines": [],
    "stdout": "Reading package lists...\nBuilding dependency tree...\nReading state information...\nThe following additional packages will be installed:\n  pg-auto-failover-cli\nThe following NEW packages will be installed:\n  pg-auto-failover-cli postgresql-17-auto-failover\n0 upgraded, 2 newly installed, 0 to remove and 29 not upgraded.\nNeed to get 807 kB of archives.\nAfter this operation, 2131 kB of additional disk space will be used.\nGet:1 http://apt.postgresql.org/pub/repos/apt noble-pgdg/main amd64 pg-auto-failover-cli amd64 2.2-4.pgdg24.04+1 [434 kB]\nGet:2 http://apt.postgresql.org/pub/repos/apt noble-pgdg/main amd64 postgresql-17-auto-failover amd64 2.2-4.pgdg24.04+1 [373 kB]\nFetched 807 kB in 0s (2185 kB/s)\nSelecting previously unselected package pg-auto-failover-cli.\r\n(Reading database ... \r(Reading database ... 5%\r(Reading database ... 10%\r(Reading database ... 15%\r(Reading database ... 20%\r(Reading database ... 25%\r(Reading database ... 30%\r(Reading database ... 35%\r(Reading database ... 40%\r(Reading database ... 45%\r(Reading database ... 50%\r(Reading database ... 55%\r(Reading database ... 60%\r(Reading database ... 65%\r(Reading database ... 70%\r(Reading database ... 75%\r(Reading database ... 80%\r(Reading database ... 85%\r(Reading database ... 90%\r(Reading database ... 95%\r(Reading database ... 100%\r(Reading database ... 113754 files and directories currently installed.)\r\nPreparing to unpack .../pg-auto-failover-cli_2.2-4.pgdg24.04+1_amd64.deb ...\r\nUnpacking pg-auto-failover-cli (2.2-4.pgdg24.04+1) ...\r\nSelecting previously unselected package postgresql-17-auto-failover.\r\nPreparing to unpack .../postgresql-17-auto-failover_2.2-4.pgdg24.04+1_amd64.deb ...\r\nUnpacking postgresql-17-auto-failover (2.2-4.pgdg24.04+1) ...\r\nSetting up pg-auto-failover-cli (2.2-4.pgdg24.04+1) ...\r\nSetting up postgresql-17-auto-failover (2.2-4.pgdg24.04+1) ...\r\nProcessing triggers for postgresql-common (293.pgdg24.04+1) ...\r\nBuilding PostgreSQL dictionaries from installed myspell/hunspell packages...\r\nRemoving obsolete dictionary files:\r\nProcessing triggers for man-db (2.12.0-4build2) ...\r\n\nRunning kernel seems to be up-to-date.\n\nNo services need to be restarted.\n\nNo containers need to be restarted.\n\nNo user sessions are running outdated binaries.\n\nNo VM guests are running outdated hypervisor (qemu) binaries on this host.\n",
    "stdout_lines": [
        "Reading package lists...",
        "Building dependency tree...",
        "Reading state information...",
        "The following additional packages will be installed:",
        "  pg-auto-failover-cli",
        "The following NEW packages will be installed:",
        "  pg-auto-failover-cli postgresql-17-auto-failover",
        "0 upgraded, 2 newly installed, 0 to remove and 29 not upgraded.",
        "Need to get 807 kB of archives.",
        "After this operation, 2131 kB of additional disk space will be used.",
        "Get:1 http://apt.postgresql.org/pub/repos/apt noble-pgdg/main amd64 pg-auto-failover-cli amd64 2.2-4.pgdg24.04+1 [434 kB]",
        "Get:2 http://apt.postgresql.org/pub/repos/apt noble-pgdg/main amd64 postgresql-17-auto-failover amd64 2.2-4.pgdg24.04+1 [373 kB]",
        "Fetched 807 kB in 0s (2185 kB/s)",
        "Selecting previously unselected package pg-auto-failover-cli.",
        "(Reading database ... ",
        "(Reading database ... 5%",
        "(Reading database ... 10%",
        "(Reading database ... 15%",
        "(Reading database ... 20%",
        "(Reading database ... 25%",
        "(Reading database ... 30%",
        "(Reading database ... 35%",
        "(Reading database ... 40%",
        "(Reading database ... 45%",
        "(Reading database ... 50%",
        "(Reading database ... 55%",
        "(Reading database ... 60%",
        "(Reading database ... 65%",
        "(Reading database ... 70%",
        "(Reading database ... 75%",
        "(Reading database ... 80%",
        "(Reading database ... 85%",
        "(Reading database ... 90%",
        "(Reading database ... 95%",
        "(Reading database ... 100%",
        "(Reading database ... 113754 files and directories currently installed.)",
        "Preparing to unpack .../pg-auto-failover-cli_2.2-4.pgdg24.04+1_amd64.deb ...",
        "Unpacking pg-auto-failover-cli (2.2-4.pgdg24.04+1) ...",
        "Selecting previously unselected package postgresql-17-auto-failover.",
        "Preparing to unpack .../postgresql-17-auto-failover_2.2-4.pgdg24.04+1_amd64.deb ...",
        "Unpacking postgresql-17-auto-failover (2.2-4.pgdg24.04+1) ...",
        "Setting up pg-auto-failover-cli (2.2-4.pgdg24.04+1) ...",
        "Setting up postgresql-17-auto-failover (2.2-4.pgdg24.04+1) ...",
        "Processing triggers for postgresql-common (293.pgdg24.04+1) ...",
        "Building PostgreSQL dictionaries from installed myspell/hunspell packages...",
        "Removing obsolete dictionary files:",
        "Processing triggers for man-db (2.12.0-4build2) ...",
        "",
        "Running kernel seems to be up-to-date.",
        "",
        "No services need to be restarted.",
        "",
        "No containers need to be restarted.",
        "",
        "No user sessions are running outdated binaries.",
        "",
        "No VM guests are running outdated hypervisor (qemu) binaries on this host."
    ]
}
10.1.1.242 | CHANGED => {
    "changed": true,
    "gid": 114,
    "group": "postgres",
    "mode": "0755",
    "owner": "postgres",
    "path": "/etc/postgresql/17/common/conf.d",
    "size": 4096,
    "state": "directory",
    "uid": 111
}
10.1.1.242 | CHANGED => {
    "changed": true,
    "msg": "All items completed",
    "results": [
        {
            "ansible_loop_var": "item",
            "changed": true,
            "checksum": "c954dbe534f67667d961bd4888c7f1ba4a0cb70a",
            "dest": "/etc/postgresql/17/common/conf.d/10-network.conf",
            "diff": [],
            "failed": false,
            "gid": 114,
            "group": "postgres",
            "invocation": {
                "module_args": {
                    "_original_basename": "10-network.conf.j2",
                    "attributes": null,
                    "backup": false,
                    "checksum": "c954dbe534f67667d961bd4888c7f1ba4a0cb70a",
                    "content": null,
                    "dest": "/etc/postgresql/17/common/conf.d/10-network.conf",
                    "directory_mode": null,
                    "follow": false,
                    "force": true,
                    "group": "postgres",
                    "local_follow": null,
                    "mode": "0644",
                    "owner": "postgres",
                    "remote_src": null,
                    "selevel": null,
                    "serole": null,
                    "setype": null,
                    "seuser": null,
                    "src": "/root/.ansible/tmp/ansible-tmp-1787228482.453092-4269-120696682461268/source",
                    "unsafe_writes": false,
                    "validate": null
                }
            },
            "item": {
                "dest": "10-network.conf",
                "src": "10-network.conf.j2"
            },
            "md5sum": "0209658088179fe6af3ea3ffee0ac53a",
            "mode": "0644",
            "owner": "postgres",
            "size": 35,
            "src": "/root/.ansible/tmp/ansible-tmp-1787228482.453092-4269-120696682461268/source",
            "state": "file",
            "uid": 111
        },
        {
            "ansible_loop_var": "item",
            "changed": true,
            "checksum": "d5ea86fd8047fb7f2e0345be5af25981b0bb6bf5",
            "dest": "/etc/postgresql/17/common/conf.d/20-replication.conf",
            "diff": [],
            "failed": false,
            "gid": 114,
            "group": "postgres",
            "invocation": {
                "module_args": {
                    "_original_basename": "20-replication.conf.j2",
                    "attributes": null,
                    "backup": false,
                    "checksum": "d5ea86fd8047fb7f2e0345be5af25981b0bb6bf5",
                    "content": null,
                    "dest": "/etc/postgresql/17/common/conf.d/20-replication.conf",
                    "directory_mode": null,
                    "follow": false,
                    "force": true,
                    "group": "postgres",
                    "local_follow": null,
                    "mode": "0644",
                    "owner": "postgres",
                    "remote_src": null,
                    "selevel": null,
                    "serole": null,
                    "setype": null,
                    "seuser": null,
                    "src": "/root/.ansible/tmp/ansible-tmp-1787228483.101476-4269-140253252585563/source",
                    "unsafe_writes": false,
                    "validate": null
                }
            },
            "item": {
                "dest": "20-replication.conf",
                "src": "20-replication.conf.j2"
            },
            "md5sum": "628598070c5a41846e5ed7a11938006b",
            "mode": "0644",
            "owner": "postgres",
            "size": 186,
            "src": "/root/.ansible/tmp/ansible-tmp-1787228483.101476-4269-140253252585563/source",
            "state": "file",
            "uid": 111
        },
        {
            "ansible_loop_var": "item",
            "changed": true,
            "checksum": "011d735cef6ef23db101a9e08dd2f4e62214032f",
            "dest": "/etc/postgresql/17/common/conf.d/30-memory.conf",
            "diff": [],
            "failed": false,
            "gid": 114,
            "group": "postgres",
            "invocation": {
                "module_args": {
                    "_original_basename": "30-memory.conf.j2",
                    "attributes": null,
                    "backup": false,
                    "checksum": "011d735cef6ef23db101a9e08dd2f4e62214032f",
                    "content": null,
                    "dest": "/etc/postgresql/17/common/conf.d/30-memory.conf",
                    "directory_mode": null,
                    "follow": false,
                    "force": true,
                    "group": "postgres",
                    "local_follow": null,
                    "mode": "0644",
                    "owner": "postgres",
                    "remote_src": null,
                    "selevel": null,
                    "serole": null,
                    "setype": null,
                    "seuser": null,
                    "src": "/root/.ansible/tmp/ansible-tmp-1787228483.6372547-4269-76520282863339/source",
                    "unsafe_writes": false,
                    "validate": null
                }
            },
            "item": {
                "dest": "30-memory.conf",
                "src": "30-memory.conf.j2"
            },
            "md5sum": "552ec8d65791dac646df2b642a1dd891",
            "mode": "0644",
            "owner": "postgres",
            "size": 213,
            "src": "/root/.ansible/tmp/ansible-tmp-1787228483.6372547-4269-76520282863339/source",
            "state": "file",
            "uid": 111
        },
        {
            "ansible_loop_var": "item",
            "changed": true,
            "checksum": "922855199044452cf993f1513cc75b280a026866",
            "dest": "/etc/postgresql/17/common/conf.d/40-logging.conf",
            "diff": [],
            "failed": false,
            "gid": 114,
            "group": "postgres",
            "invocation": {
                "module_args": {
                    "_original_basename": "40-logging.conf.j2",
                    "attributes": null,
                    "backup": false,
                    "checksum": "922855199044452cf993f1513cc75b280a026866",
                    "content": null,
                    "dest": "/etc/postgresql/17/common/conf.d/40-logging.conf",
                    "directory_mode": null,
                    "follow": false,
                    "force": true,
                    "group": "postgres",
                    "local_follow": null,
                    "mode": "0644",
                    "owner": "postgres",
                    "remote_src": null,
                    "selevel": null,
                    "serole": null,
                    "setype": null,
                    "seuser": null,
                    "src": "/root/.ansible/tmp/ansible-tmp-1787228484.1710827-4269-97908460828562/source",
                    "unsafe_writes": false,
                    "validate": null
                }
            },
            "item": {
                "dest": "40-logging.conf",
                "src": "40-logging.conf.j2"
            },
            "md5sum": "b1d6c63f43bc2e75fa96e90da0951e1f",
            "mode": "0644",
            "owner": "postgres",
            "size": 165,
            "src": "/root/.ansible/tmp/ansible-tmp-1787228484.1710827-4269-97908460828562/source",
            "state": "file",
            "uid": 111
        }
    ]
}
10.1.1.242 | CHANGED => {
    "changed": true,
    "name": "postgresql",
    "state": "stopped",
    "status": {
        "ActiveEnterTimestamp": "Thu 2026-08-20 04:25:27 UTC",
        "ActiveEnterTimestampMonotonic": "10027138",
        "ActiveExitTimestampMonotonic": "0",
        "ActiveState": "active",
        "After": "basic.target system.slice sysinit.target systemd-journald.socket postgresql@17-main.service",
        "AllowIsolate": "no",
        "AssertResult": "yes",
        "AssertTimestamp": "Thu 2026-08-20 04:25:27 UTC",
        "AssertTimestampMonotonic": "10014945",
        "Before": "multi-user.target shutdown.target",
        "BlockIOAccounting": "no",
        "BlockIOWeight": "[not set]",
        "CPUAccounting": "yes",
        "CPUAffinityFromNUMA": "no",
        "CPUQuotaPerSecUSec": "infinity",
        "CPUQuotaPeriodUSec": "infinity",
        "CPUSchedulingPolicy": "0",
        "CPUSchedulingPriority": "0",
        "CPUSchedulingResetOnFork": "no",
        "CPUShares": "[not set]",
        "CPUUsageNSec": "4829000",
        "CPUWeight": "[not set]",
        "CacheDirectoryMode": "0755",
        "CanFreeze": "yes",
        "CanIsolate": "no",
        "CanReload": "yes",
        "CanStart": "yes",
        "CanStop": "yes",
        "CapabilityBoundingSet": "cap_chown cap_dac_override cap_dac_read_search cap_fowner cap_fsetid cap_kill cap_setgid cap_setuid cap_setpcap cap_linux_immutable cap_net_bind_service cap_net_broadcast cap_net_admin cap_net_raw cap_ipc_lock cap_ipc_owner cap_sys_module cap_sys_rawio cap_sys_chroot cap_sys_ptrace cap_sys_pacct cap_sys_admin cap_sys_boot cap_sys_nice cap_sys_resource cap_sys_time cap_sys_tty_config cap_mknod cap_lease cap_audit_write cap_audit_control cap_setfcap cap_mac_override cap_mac_admin cap_syslog cap_wake_alarm cap_block_suspend cap_audit_read cap_perfmon cap_bpf cap_checkpoint_restore",
        "CleanResult": "success",
        "CollectMode": "inactive",
        "ConditionResult": "yes",
        "ConditionTimestamp": "Thu 2026-08-20 04:25:27 UTC",
        "ConditionTimestampMonotonic": "10014931",
        "ConfigurationDirectoryMode": "0755",
        "Conflicts": "shutdown.target",
        "ConsistsOf": "postgresql@17-main.service",
        "ControlGroupId": "4318",
        "ControlPID": "0",
        "CoredumpFilter": "0x33",
        "CoredumpReceive": "no",
        "DefaultDependencies": "yes",
        "DefaultMemoryLow": "0",
        "DefaultMemoryMin": "0",
        "DefaultStartupMemoryLow": "0",
        "Delegate": "no",
        "Description": "PostgreSQL RDBMS",
        "DevicePolicy": "auto",
        "DynamicUser": "no",
        "ExecMainCode": "1",
        "ExecMainExitTimestamp": "Thu 2026-08-20 04:25:27 UTC",
        "ExecMainExitTimestampMonotonic": "10026944",
        "ExecMainPID": "876",
        "ExecMainStartTimestamp": "Thu 2026-08-20 04:25:27 UTC",
        "ExecMainStartTimestampMonotonic": "10020338",
        "ExecMainStatus": "0",
        "ExecReload": "{ path=/bin/true ; argv[]=/bin/true ; ignore_errors=no ; start_time=[n/a] ; stop_time=[n/a] ; pid=0 ; code=(null) ; status=0/0 }",
        "ExecReloadEx": "{ path=/bin/true ; argv[]=/bin/true ; flags= ; start_time=[n/a] ; stop_time=[n/a] ; pid=0 ; code=(null) ; status=0/0 }",
        "ExecStart": "{ path=/bin/true ; argv[]=/bin/true ; ignore_errors=no ; start_time=[Thu 2026-08-20 04:25:27 UTC] ; stop_time=[Thu 2026-08-20 04:25:27 UTC] ; pid=876 ; code=exited ; status=0 }",
        "ExecStartEx": "{ path=/bin/true ; argv[]=/bin/true ; flags= ; start_time=[Thu 2026-08-20 04:25:27 UTC] ; stop_time=[Thu 2026-08-20 04:25:27 UTC] ; pid=876 ; code=exited ; status=0 }",
        "ExitType": "main",
        "ExtensionImagePolicy": "root=verity+signed+encrypted+unprotected+absent:usr=verity+signed+encrypted+unprotected+absent:home=encrypted+unprotected+absent:srv=encrypted+unprotected+absent:tmp=encrypted+unprotected+absent:var=encrypted+unprotected+absent",
        "FailureAction": "none",
        "FileDescriptorStoreMax": "0",
        "FileDescriptorStorePreserve": "restart",
        "FinalKillSignal": "9",
        "FragmentPath": "/usr/lib/systemd/system/postgresql.service",
        "FreezerState": "running",
        "GID": "[not set]",
        "GuessMainPID": "yes",
        "IOAccounting": "no",
        "IOReadBytes": "[not set]",
        "IOReadOperations": "[not set]",
        "IOSchedulingClass": "2",
        "IOSchedulingPriority": "4",
        "IOWeight": "[not set]",
        "IOWriteBytes": "[not set]",
        "IOWriteOperations": "[not set]",
        "IPAccounting": "no",
        "IPEgressBytes": "[no data]",
        "IPEgressPackets": "[no data]",
        "IPIngressBytes": "[no data]",
        "IPIngressPackets": "[no data]",
        "Id": "postgresql.service",
        "IgnoreOnIsolate": "no",
        "IgnoreSIGPIPE": "yes",
        "InactiveEnterTimestampMonotonic": "0",
        "InactiveExitTimestamp": "Thu 2026-08-20 04:25:27 UTC",
        "InactiveExitTimestampMonotonic": "10020552",
        "InvocationID": "5a45c6f386de48cf8d9e0111fd4013db",
        "JobRunningTimeoutUSec": "infinity",
        "JobTimeoutAction": "none",
        "JobTimeoutUSec": "infinity",
        "KeyringMode": "private",
        "KillMode": "control-group",
        "KillSignal": "15",
        "LimitAS": "infinity",
        "LimitASSoft": "infinity",
        "LimitCORE": "infinity",
        "LimitCORESoft": "0",
        "LimitCPU": "infinity",
        "LimitCPUSoft": "infinity",
        "LimitDATA": "infinity",
        "LimitDATASoft": "infinity",
        "LimitFSIZE": "infinity",
        "LimitFSIZESoft": "infinity",
        "LimitLOCKS": "infinity",
        "LimitLOCKSSoft": "infinity",
        "LimitMEMLOCK": "8388608",
        "LimitMEMLOCKSoft": "8388608",
        "LimitMSGQUEUE": "819200",
        "LimitMSGQUEUESoft": "819200",
        "LimitNICE": "0",
        "LimitNICESoft": "0",
        "LimitNOFILE": "524288",
        "LimitNOFILESoft": "1024",
        "LimitNPROC": "5806",
        "LimitNPROCSoft": "5806",
        "LimitRSS": "infinity",
        "LimitRSSSoft": "infinity",
        "LimitRTPRIO": "0",
        "LimitRTPRIOSoft": "0",
        "LimitRTTIME": "infinity",
        "LimitRTTIMESoft": "infinity",
        "LimitSIGPENDING": "5806",
        "LimitSIGPENDINGSoft": "5806",
        "LimitSTACK": "infinity",
        "LimitSTACKSoft": "8388608",
        "LoadState": "loaded",
        "LockPersonality": "no",
        "LogLevelMax": "-1",
        "LogRateLimitBurst": "0",
        "LogRateLimitIntervalUSec": "0",
        "LogsDirectoryMode": "0755",
        "MainPID": "0",
        "ManagedOOMMemoryPressure": "auto",
        "ManagedOOMMemoryPressureLimit": "0",
        "ManagedOOMPreference": "none",
        "ManagedOOMSwap": "auto",
        "MemoryAccounting": "yes",
        "MemoryAvailable": "1503424512",
        "MemoryCurrent": "[not set]",
        "MemoryDenyWriteExecute": "no",
        "MemoryHigh": "infinity",
        "MemoryKSM": "no",
        "MemoryLimit": "infinity",
        "MemoryLow": "0",
        "MemoryMax": "infinity",
        "MemoryMin": "0",
        "MemoryPeak": "[not set]",
        "MemoryPressureThresholdUSec": "200ms",
        "MemoryPressureWatch": "auto",
        "MemorySwapCurrent": "[not set]",
        "MemorySwapMax": "infinity",
        "MemorySwapPeak": "[not set]",
        "MemoryZSwapCurrent": "[not set]",
        "MemoryZSwapMax": "infinity",
        "MountAPIVFS": "no",
        "MountImagePolicy": "root=verity+signed+encrypted+unprotected+absent:usr=verity+signed+encrypted+unprotected+absent:home=encrypted+unprotected+absent:srv=encrypted+unprotected+absent:tmp=encrypted+unprotected+absent:var=encrypted+unprotected+absent",
        "NFileDescriptorStore": "0",
        "NRestarts": "0",
        "NUMAPolicy": "n/a",
        "Names": "postgresql.service",
        "NeedDaemonReload": "no",
        "Nice": "0",
        "NoNewPrivileges": "no",
        "NonBlocking": "no",
        "NotifyAccess": "none",
        "OOMPolicy": "stop",
        "OOMScoreAdjust": "0",
        "OnFailureJobMode": "replace",
        "OnSuccessJobMode": "fail",
        "Perpetual": "no",
        "PrivateDevices": "no",
        "PrivateIPC": "no",
        "PrivateMounts": "no",
        "PrivateNetwork": "no",
        "PrivateTmp": "no",
        "PrivateUsers": "no",
        "ProcSubset": "all",
        "PropagatesReloadTo": "postgresql@17-main.service",
        "ProtectClock": "no",
        "ProtectControlGroups": "no",
        "ProtectHome": "no",
        "ProtectHostname": "no",
        "ProtectKernelLogs": "no",
        "ProtectKernelModules": "no",
        "ProtectKernelTunables": "no",
        "ProtectProc": "default",
        "ProtectSystem": "no",
        "RefuseManualStart": "no",
        "RefuseManualStop": "no",
        "ReloadResult": "success",
        "ReloadSignal": "1",
        "RemainAfterExit": "yes",
        "RemoveIPC": "no",
        "Requires": "sysinit.target system.slice",
        "Restart": "no",
        "RestartKillSignal": "15",
        "RestartMaxDelayUSec": "infinity",
        "RestartMode": "normal",
        "RestartSteps": "0",
        "RestartUSec": "100ms",
        "RestartUSecNext": "100ms",
        "RestrictNamespaces": "no",
        "RestrictRealtime": "no",
        "RestrictSUIDSGID": "no",
        "Result": "success",
        "RootDirectoryStartOnly": "no",
        "RootEphemeral": "no",
        "RootImagePolicy": "root=verity+signed+encrypted+unprotected+absent:usr=verity+signed+encrypted+unprotected+absent:home=encrypted+unprotected+absent:srv=encrypted+unprotected+absent:tmp=encrypted+unprotected+absent:var=encrypted+unprotected+absent",
        "RuntimeDirectoryMode": "0755",
        "RuntimeDirectoryPreserve": "no",
        "RuntimeMaxUSec": "infinity",
        "RuntimeRandomizedExtraUSec": "0",
        "SameProcessGroup": "no",
        "SecureBits": "0",
        "SendSIGHUP": "no",
        "SendSIGKILL": "yes",
        "SetLoginEnvironment": "no",
        "Slice": "system.slice",
        "StandardError": "inherit",
        "StandardInput": "null",
        "StandardOutput": "journal",
        "StartLimitAction": "none",
        "StartLimitBurst": "5",
        "StartLimitIntervalUSec": "10s",
        "StartupBlockIOWeight": "[not set]",
        "StartupCPUShares": "[not set]",
        "StartupCPUWeight": "[not set]",
        "StartupIOWeight": "[not set]",
        "StartupMemoryHigh": "infinity",
        "StartupMemoryLow": "0",
        "StartupMemoryMax": "infinity",
        "StartupMemorySwapMax": "infinity",
        "StartupMemoryZSwapMax": "infinity",
        "StateChangeTimestamp": "Thu 2026-08-20 04:25:27 UTC",
        "StateChangeTimestampMonotonic": "10027138",
        "StateDirectoryMode": "0755",
        "StatusErrno": "0",
        "StopWhenUnneeded": "no",
        "SubState": "exited",
        "SuccessAction": "none",
        "SurviveFinalKillSignal": "no",
        "SyslogFacility": "3",
        "SyslogLevel": "6",
        "SyslogLevelPrefix": "yes",
        "SyslogPriority": "30",
        "SystemCallErrorNumber": "2147483646",
        "TTYReset": "no",
        "TTYVHangup": "no",
        "TTYVTDisallocate": "no",
        "TasksAccounting": "yes",
        "TasksCurrent": "[not set]",
        "TasksMax": "1741",
        "TimeoutAbortUSec": "1min 30s",
        "TimeoutCleanUSec": "infinity",
        "TimeoutStartFailureMode": "terminate",
        "TimeoutStartUSec": "infinity",
        "TimeoutStopFailureMode": "terminate",
        "TimeoutStopUSec": "1min 30s",
        "TimerSlackNSec": "50000",
        "Transient": "no",
        "Type": "oneshot",
        "UID": "[not set]",
        "UMask": "0022",
        "UnitFilePreset": "enabled",
        "UnitFileState": "enabled",
        "UtmpMode": "init",
        "WantedBy": "multi-user.target",
        "Wants": "postgresql@17-main.service",
        "WatchdogSignal": "6",
        "WatchdogTimestampMonotonic": "0",
        "WatchdogUSec": "0"
    }
}
10.1.1.242 | CHANGED => {
    "changed": true,
    "path": "/var/lib/postgresql/17/main",
    "state": "absent"
}
10.1.1.242 | SUCCESS => {
    "ansible_facts": {
        "ansible_all_ipv4_addresses": [
            "10.1.1.242"
        ],
        "ansible_all_ipv6_addresses": [
            "fe80::66:3dff:fe73:9145"
        ],
        "ansible_apparmor": {
            "status": "enabled"
        },
        "ansible_architecture": "x86_64",
        "ansible_bios_date": "10/16/2017",
        "ansible_bios_vendor": "Amazon EC2",
        "ansible_bios_version": "1.0",
        "ansible_board_asset_tag": "i-0a231fd3802a8a443",
        "ansible_board_name": "NA",
        "ansible_board_serial": "NA",
        "ansible_board_vendor": "Amazon EC2",
        "ansible_board_version": "NA",
        "ansible_chassis_asset_tag": "Amazon EC2",
        "ansible_chassis_serial": "NA",
        "ansible_chassis_vendor": "Amazon EC2",
        "ansible_chassis_version": "NA",
        "ansible_cmdline": {
            "BOOT_IMAGE": "/vmlinuz-7.0.0-1010-aws",
            "console": "ttyS0",
            "nvme_core.io_timeout": "4294967295",
            "panic": "-1",
            "ro": true,
            "root": "PARTUUID=fe814a98-f7fd-4c3d-9642-c18fe64c6e5d"
        },
        "ansible_date_time": {
            "date": "2026-08-20",
            "day": "20",
            "epoch": "1787228486",
            "epoch_int": "1787228486",
            "hour": "12",
            "iso8601": "2026-08-20T12:21:26Z",
            "iso8601_basic": "20260820T122126280014",
            "iso8601_basic_short": "20260820T122126",
            "iso8601_micro": "2026-08-20T12:21:26.280014Z",
            "minute": "21",
            "month": "08",
            "second": "26",
            "time": "12:21:26",
            "tz": "UTC",
            "tz_dst": "UTC",
            "tz_offset": "+0000",
            "weekday": "Thursday",
            "weekday_number": "4",
            "weeknumber": "33",
            "year": "2026"
        },
        "ansible_default_ipv4": {
            "address": "10.1.1.242",
            "alias": "ens5",
            "broadcast": "",
            "gateway": "10.1.1.1",
            "interface": "ens5",
            "macaddress": "02:66:3d:73:91:45",
            "mtu": 9001,
            "netmask": "255.255.255.0",
            "network": "10.1.1.0",
            "prefix": "24",
            "type": "ether"
        },
        "ansible_default_ipv6": {},
        "ansible_device_links": {
            "ids": {
                "nvme0n1": [
                    "nvme-Amazon_Elastic_Block_Store_vol03c19246750df352c",
                    "nvme-Amazon_Elastic_Block_Store_vol03c19246750df352c_1",
                    "nvme-nvme.1d0f-766f6c3033633139323436373530646633353263-416d617a6f6e20456c617374696320426c6f636b2053746f7265-00000001"
                ],
                "nvme0n1p1": [
                    "nvme-Amazon_Elastic_Block_Store_vol03c19246750df352c-part1",
                    "nvme-Amazon_Elastic_Block_Store_vol03c19246750df352c_1-part1",
                    "nvme-nvme.1d0f-766f6c3033633139323436373530646633353263-416d617a6f6e20456c617374696320426c6f636b2053746f7265-00000001-part1"
                ],
                "nvme0n1p14": [
                    "nvme-Amazon_Elastic_Block_Store_vol03c19246750df352c-part14",
                    "nvme-Amazon_Elastic_Block_Store_vol03c19246750df352c_1-part14",
                    "nvme-nvme.1d0f-766f6c3033633139323436373530646633353263-416d617a6f6e20456c617374696320426c6f636b2053746f7265-00000001-part14"
                ],
                "nvme0n1p15": [
                    "nvme-Amazon_Elastic_Block_Store_vol03c19246750df352c-part15",
                    "nvme-Amazon_Elastic_Block_Store_vol03c19246750df352c_1-part15",
                    "nvme-nvme.1d0f-766f6c3033633139323436373530646633353263-416d617a6f6e20456c617374696320426c6f636b2053746f7265-00000001-part15"
                ],
                "nvme0n1p16": [
                    "nvme-Amazon_Elastic_Block_Store_vol03c19246750df352c-part16",
                    "nvme-Amazon_Elastic_Block_Store_vol03c19246750df352c_1-part16",
                    "nvme-nvme.1d0f-766f6c3033633139323436373530646633353263-416d617a6f6e20456c617374696320426c6f636b2053746f7265-00000001-part16"
                ]
            },
            "labels": {
                "nvme0n1p1": [
                    "cloudimg-rootfs"
                ],
                "nvme0n1p15": [
                    "UEFI"
                ],
                "nvme0n1p16": [
                    "BOOT"
                ]
            },
            "masters": {},
            "uuids": {
                "nvme0n1p1": [
                    "0ef35759-eb42-4358-9a2a-1f74696d7007"
                ],
                "nvme0n1p15": [
                    "886D-F892"
                ],
                "nvme0n1p16": [
                    "8fb95cef-95fc-48ca-aaab-3f1b1df59748"
                ]
            }
        },
        "ansible_devices": {
            "loop0": {
                "holders": [],
                "host": "",
                "links": {
                    "ids": [],
                    "labels": [],
                    "masters": [],
                    "uuids": []
                },
                "model": null,
                "partitions": {},
                "removable": "0",
                "rotational": "0",
                "sas_address": null,
                "sas_device_handle": null,
                "scheduler_mode": "none",
                "sectors": "57752",
                "sectorsize": "512",
                "size": "28.20 MB",
                "support_discard": "4096",
                "vendor": null,
                "virtual": 1
            },
            "loop1": {
                "holders": [],
                "host": "",
                "links": {
                    "ids": [],
                    "labels": [],
                    "masters": [],
                    "uuids": []
                },
                "model": null,
                "partitions": {},
                "removable": "0",
                "rotational": "0",
                "sas_address": null,
                "sas_device_handle": null,
                "scheduler_mode": "none",
                "sectors": "58160",
                "sectorsize": "512",
                "size": "28.40 MB",
                "support_discard": "4096",
                "vendor": null,
                "virtual": 1
            },
            "loop2": {
                "holders": [],
                "host": "",
                "links": {
                    "ids": [],
                    "labels": [],
                    "masters": [],
                    "uuids": []
                },
                "model": null,
                "partitions": {},
                "removable": "0",
                "rotational": "0",
                "sas_address": null,
                "sas_device_handle": null,
                "scheduler_mode": "none",
                "sectors": "151536",
                "sectorsize": "512",
                "size": "73.99 MB",
                "support_discard": "4096",
                "vendor": null,
                "virtual": 1
            },
            "loop3": {
                "holders": [],
                "host": "",
                "links": {
                    "ids": [],
                    "labels": [],
                    "masters": [],
                    "uuids": []
                },
                "model": null,
                "partitions": {},
                "removable": "0",
                "rotational": "0",
                "sas_address": null,
                "sas_device_handle": null,
                "scheduler_mode": "none",
                "sectors": "151512",
                "sectorsize": "512",
                "size": "73.98 MB",
                "support_discard": "4096",
                "vendor": null,
                "virtual": 1
            },
            "loop4": {
                "holders": [],
                "host": "",
                "links": {
                    "ids": [],
                    "labels": [],
                    "masters": [],
                    "uuids": []
                },
                "model": null,
                "partitions": {},
                "removable": "0",
                "rotational": "0",
                "sas_address": null,
                "sas_device_handle": null,
                "scheduler_mode": "none",
                "sectors": "102608",
                "sectorsize": "512",
                "size": "50.10 MB",
                "support_discard": "4096",
                "vendor": null,
                "virtual": 1
            },
            "loop5": {
                "holders": [],
                "host": "",
                "links": {
                    "ids": [],
                    "labels": [],
                    "masters": [],
                    "uuids": []
                },
                "model": null,
                "partitions": {},
                "removable": "0",
                "rotational": "0",
                "sas_address": null,
                "sas_device_handle": null,
                "scheduler_mode": "none",
                "sectors": "102608",
                "sectorsize": "512",
                "size": "50.10 MB",
                "support_discard": "4096",
                "vendor": null,
                "virtual": 1
            },
            "loop6": {
                "holders": [],
                "host": "",
                "links": {
                    "ids": [],
                    "labels": [],
                    "masters": [],
                    "uuids": []
                },
                "model": null,
                "partitions": {},
                "removable": "0",
                "rotational": "0",
                "sas_address": null,
                "sas_device_handle": null,
                "scheduler_mode": "none",
                "sectors": "0",
                "sectorsize": "512",
                "size": "0.00 Bytes",
                "support_discard": "4096",
                "vendor": null,
                "virtual": 1
            },
            "loop7": {
                "holders": [],
                "host": "",
                "links": {
                    "ids": [],
                    "labels": [],
                    "masters": [],
                    "uuids": []
                },
                "model": null,
                "partitions": {},
                "removable": "0",
                "rotational": "0",
                "sas_address": null,
                "sas_device_handle": null,
                "scheduler_mode": "none",
                "sectors": "0",
                "sectorsize": "512",
                "size": "0.00 Bytes",
                "support_discard": "0",
                "vendor": null,
                "virtual": 1
            },
            "nvme0n1": {
                "holders": [],
                "host": "Non-Volatile memory controller: Amazon.com, Inc. NVMe EBS Controller",
                "links": {
                    "ids": [
                        "nvme-Amazon_Elastic_Block_Store_vol03c19246750df352c",
                        "nvme-Amazon_Elastic_Block_Store_vol03c19246750df352c_1",
                        "nvme-nvme.1d0f-766f6c3033633139323436373530646633353263-416d617a6f6e20456c617374696320426c6f636b2053746f7265-00000001"
                    ],
                    "labels": [],
                    "masters": [],
                    "uuids": []
                },
                "model": "Amazon Elastic Block Store",
                "partitions": {
                    "nvme0n1p1": {
                        "holders": [],
                        "links": {
                            "ids": [
                                "nvme-Amazon_Elastic_Block_Store_vol03c19246750df352c-part1",
                                "nvme-Amazon_Elastic_Block_Store_vol03c19246750df352c_1-part1",
                                "nvme-nvme.1d0f-766f6c3033633139323436373530646633353263-416d617a6f6e20456c617374696320426c6f636b2053746f7265-00000001-part1"
                            ],
                            "labels": [
                                "cloudimg-rootfs"
                            ],
                            "masters": [],
                            "uuids": [
                                "0ef35759-eb42-4358-9a2a-1f74696d7007"
                            ]
                        },
                        "sectors": "14677983",
                        "sectorsize": 512,
                        "size": "7.00 GB",
                        "start": "2099200",
                        "uuid": "0ef35759-eb42-4358-9a2a-1f74696d7007"
                    },
                    "nvme0n1p14": {
                        "holders": [],
                        "links": {
                            "ids": [
                                "nvme-Amazon_Elastic_Block_Store_vol03c19246750df352c-part14",
                                "nvme-Amazon_Elastic_Block_Store_vol03c19246750df352c_1-part14",
                                "nvme-nvme.1d0f-766f6c3033633139323436373530646633353263-416d617a6f6e20456c617374696320426c6f636b2053746f7265-00000001-part14"
                            ],
                            "labels": [],
                            "masters": [],
                            "uuids": []
                        },
                        "sectors": "8192",
                        "sectorsize": 512,
                        "size": "4.00 MB",
                        "start": "2048",
                        "uuid": null
                    },
                    "nvme0n1p15": {
                        "holders": [],
                        "links": {
                            "ids": [
                                "nvme-Amazon_Elastic_Block_Store_vol03c19246750df352c-part15",
                                "nvme-Amazon_Elastic_Block_Store_vol03c19246750df352c_1-part15",
                                "nvme-nvme.1d0f-766f6c3033633139323436373530646633353263-416d617a6f6e20456c617374696320426c6f636b2053746f7265-00000001-part15"
                            ],
                            "labels": [
                                "UEFI"
                            ],
                            "masters": [],
                            "uuids": [
                                "886D-F892"
                            ]
                        },
                        "sectors": "217088",
                        "sectorsize": 512,
                        "size": "106.00 MB",
                        "start": "10240",
                        "uuid": "886D-F892"
                    },
                    "nvme0n1p16": {
                        "holders": [],
                        "links": {
                            "ids": [
                                "nvme-Amazon_Elastic_Block_Store_vol03c19246750df352c-part16",
                                "nvme-Amazon_Elastic_Block_Store_vol03c19246750df352c_1-part16",
                                "nvme-nvme.1d0f-766f6c3033633139323436373530646633353263-416d617a6f6e20456c617374696320426c6f636b2053746f7265-00000001-part16"
                            ],
                            "labels": [
                                "BOOT"
                            ],
                            "masters": [],
                            "uuids": [
                                "8fb95cef-95fc-48ca-aaab-3f1b1df59748"
                            ]
                        },
                        "sectors": "1869825",
                        "sectorsize": 512,
                        "size": "913.00 MB",
                        "start": "227328",
                        "uuid": "8fb95cef-95fc-48ca-aaab-3f1b1df59748"
                    }
                },
                "removable": "0",
                "rotational": "0",
                "sas_address": null,
                "sas_device_handle": null,
                "scheduler_mode": "none",
                "sectors": "16777216",
                "sectorsize": "512",
                "serial": "vol03c19246750df352c",
                "size": "8.00 GB",
                "support_discard": "0",
                "vendor": null,
                "virtual": 1
            }
        },
        "ansible_distribution": "Ubuntu",
        "ansible_distribution_file_parsed": true,
        "ansible_distribution_file_path": "/etc/os-release",
        "ansible_distribution_file_variety": "Debian",
        "ansible_distribution_major_version": "24",
        "ansible_distribution_release": "noble",
        "ansible_distribution_version": "24.04",
        "ansible_dns": {
            "nameservers": [
                "127.0.0.53"
            ],
            "options": {
                "edns0": true,
                "trust-ad": true
            },
            "search": [
                "ap-south-1.compute.internal"
            ]
        },
        "ansible_domain": "",
        "ansible_effective_group_id": 0,
        "ansible_effective_user_id": 0,
        "ansible_ens5": {
            "active": true,
            "device": "ens5",
            "features": {
                "esp_hw_offload": "off [fixed]",
                "esp_tx_csum_hw_offload": "off [fixed]",
                "generic_receive_offload": "on",
                "generic_segmentation_offload": "on",
                "highdma": "on",
                "hsr_dup_offload": "off [fixed]",
                "hsr_fwd_offload": "off [fixed]",
                "hsr_tag_ins_offload": "off [fixed]",
                "hsr_tag_rm_offload": "off [fixed]",
                "hw_tc_offload": "off [fixed]",
                "l2_fwd_offload": "off [fixed]",
                "large_receive_offload": "off [fixed]",
                "loopback": "off [fixed]",
                "macsec_hw_offload": "off [fixed]",
                "ntuple_filters": "off [fixed]",
                "receive_hashing": "on",
                "rx_all": "off [fixed]",
                "rx_checksumming": "off [fixed]",
                "rx_fcs": "off [fixed]",
                "rx_gro_hw": "off [fixed]",
                "rx_gro_list": "off",
                "rx_udp_gro_forwarding": "off",
                "rx_udp_tunnel_port_offload": "off [fixed]",
                "rx_vlan_filter": "off [fixed]",
                "rx_vlan_offload": "off [fixed]",
                "rx_vlan_stag_filter": "off [fixed]",
                "rx_vlan_stag_hw_parse": "off [fixed]",
                "scatter_gather": "on",
                "tcp_segmentation_offload": "off",
                "tls_hw_record": "off [fixed]",
                "tls_hw_rx_offload": "off [fixed]",
                "tls_hw_tx_offload": "off [fixed]",
                "tx_checksum_fcoe_crc": "off [fixed]",
                "tx_checksum_ip_generic": "off [fixed]",
                "tx_checksum_ipv4": "on",
                "tx_checksum_ipv6": "off [fixed]",
                "tx_checksum_sctp": "off [fixed]",
                "tx_checksumming": "on",
                "tx_esp_segmentation": "off [fixed]",
                "tx_fcoe_segmentation": "off [fixed]",
                "tx_gre_csum_segmentation": "off [fixed]",
                "tx_gre_segmentation": "off [fixed]",
                "tx_gso_list": "off [fixed]",
                "tx_gso_partial": "off [fixed]",
                "tx_gso_robust": "off [fixed]",
                "tx_ipxip4_segmentation": "off [fixed]",
                "tx_ipxip6_segmentation": "off [fixed]",
                "tx_nocache_copy": "off",
                "tx_scatter_gather": "on",
                "tx_scatter_gather_fraglist": "off [fixed]",
                "tx_sctp_segmentation": "off [fixed]",
                "tx_tcp6_segmentation": "off [fixed]",
                "tx_tcp_accecn_segmentation": "off [fixed]",
                "tx_tcp_ecn_segmentation": "off [fixed]",
                "tx_tcp_mangleid_segmentation": "off [fixed]",
                "tx_tcp_segmentation": "off [fixed]",
                "tx_tunnel_remcsum_segmentation": "off [fixed]",
                "tx_udp_segmentation": "off [fixed]",
                "tx_udp_tnl_csum_segmentation": "off [fixed]",
                "tx_udp_tnl_segmentation": "off [fixed]",
                "tx_vlan_offload": "off [fixed]",
                "tx_vlan_stag_hw_insert": "off [fixed]",
                "vlan_challenged": "off [fixed]"
            },
            "hw_timestamp_filters": [],
            "ipv4": {
                "address": "10.1.1.242",
                "broadcast": "",
                "netmask": "255.255.255.0",
                "network": "10.1.1.0",
                "prefix": "24"
            },
            "ipv6": [
                {
                    "address": "fe80::66:3dff:fe73:9145",
                    "prefix": "64",
                    "scope": "link"
                }
            ],
            "macaddress": "02:66:3d:73:91:45",
            "module": "ena",
            "mtu": 9001,
            "pciid": "0000:00:05.0",
            "promisc": false,
            "timestamping": [],
            "type": "ether"
        },
        "ansible_env": {
            "DBUS_SESSION_BUS_ADDRESS": "unix:path=/run/user/0/bus",
            "HOME": "/root",
            "LANG": "C.UTF-8",
            "LOGNAME": "root",
            "PATH": "/usr/local/sbin:/usr/local/bin:/usr/sbin:/usr/bin:/sbin:/bin:/usr/games:/usr/local/games:/snap/bin",
            "PWD": "/root",
            "SHELL": "/bin/bash",
            "SHLVL": "0",
            "SSH_CLIENT": "10.1.1.236 47860 22",
            "SSH_CONNECTION": "10.1.1.236 47860 10.1.1.242 22",
            "SSH_TTY": "/dev/pts/2",
            "USER": "root",
            "XDG_RUNTIME_DIR": "/run/user/0",
            "XDG_SESSION_CLASS": "user",
            "XDG_SESSION_ID": "68",
            "XDG_SESSION_TYPE": "tty",
            "_": "/bin/sh"
        },
        "ansible_fibre_channel_wwn": [],
        "ansible_fips": false,
        "ansible_form_factor": "Other",
        "ansible_fqdn": "ip-10-1-1-242",
        "ansible_hostname": "ip-10-1-1-242",
        "ansible_hostnqn": "",
        "ansible_interfaces": [
            "lo",
            "ens5"
        ],
        "ansible_is_chroot": false,
        "ansible_iscsi_iqn": "",
        "ansible_kernel": "7.0.0-1010-aws",
        "ansible_kernel_version": "#10~24.04.1-Ubuntu SMP PREEMPT Mon Jul 27 17:41:33 UTC 2026",
        "ansible_lo": {
            "active": true,
            "device": "lo",
            "features": {
                "esp_hw_offload": "off [fixed]",
                "esp_tx_csum_hw_offload": "off [fixed]",
                "generic_receive_offload": "on",
                "generic_segmentation_offload": "on",
                "highdma": "on [fixed]",
                "hsr_dup_offload": "off [fixed]",
                "hsr_fwd_offload": "off [fixed]",
                "hsr_tag_ins_offload": "off [fixed]",
                "hsr_tag_rm_offload": "off [fixed]",
                "hw_tc_offload": "off [fixed]",
                "l2_fwd_offload": "off [fixed]",
                "large_receive_offload": "off [fixed]",
                "loopback": "on [fixed]",
                "macsec_hw_offload": "off [fixed]",
                "ntuple_filters": "off [fixed]",
                "receive_hashing": "off [fixed]",
                "rx_all": "off [fixed]",
                "rx_checksumming": "on [fixed]",
                "rx_fcs": "off [fixed]",
                "rx_gro_hw": "off [fixed]",
                "rx_gro_list": "off",
                "rx_udp_gro_forwarding": "off",
                "rx_udp_tunnel_port_offload": "off [fixed]",
                "rx_vlan_filter": "off [fixed]",
                "rx_vlan_offload": "off [fixed]",
                "rx_vlan_stag_filter": "off [fixed]",
                "rx_vlan_stag_hw_parse": "off [fixed]",
                "scatter_gather": "on",
                "tcp_segmentation_offload": "on",
                "tls_hw_record": "off [fixed]",
                "tls_hw_rx_offload": "off [fixed]",
                "tls_hw_tx_offload": "off [fixed]",
                "tx_checksum_fcoe_crc": "off [fixed]",
                "tx_checksum_ip_generic": "on [fixed]",
                "tx_checksum_ipv4": "off [fixed]",
                "tx_checksum_ipv6": "off [fixed]",
                "tx_checksum_sctp": "on [fixed]",
                "tx_checksumming": "on",
                "tx_esp_segmentation": "off [fixed]",
                "tx_fcoe_segmentation": "off [fixed]",
                "tx_gre_csum_segmentation": "off [fixed]",
                "tx_gre_segmentation": "off [fixed]",
                "tx_gso_list": "on",
                "tx_gso_partial": "off [fixed]",
                "tx_gso_robust": "off [fixed]",
                "tx_ipxip4_segmentation": "off [fixed]",
                "tx_ipxip6_segmentation": "off [fixed]",
                "tx_nocache_copy": "off [fixed]",
                "tx_scatter_gather": "on [fixed]",
                "tx_scatter_gather_fraglist": "on [fixed]",
                "tx_sctp_segmentation": "on",
                "tx_tcp6_segmentation": "on",
                "tx_tcp_accecn_segmentation": "on",
                "tx_tcp_ecn_segmentation": "on",
                "tx_tcp_mangleid_segmentation": "on",
                "tx_tcp_segmentation": "on",
                "tx_tunnel_remcsum_segmentation": "off [fixed]",
                "tx_udp_segmentation": "on",
                "tx_udp_tnl_csum_segmentation": "off [fixed]",
                "tx_udp_tnl_segmentation": "off [fixed]",
                "tx_vlan_offload": "off [fixed]",
                "tx_vlan_stag_hw_insert": "off [fixed]",
                "vlan_challenged": "on [fixed]"
            },
            "hw_timestamp_filters": [],
            "ipv4": {
                "address": "127.0.0.1",
                "broadcast": "",
                "netmask": "255.0.0.0",
                "network": "127.0.0.0",
                "prefix": "8"
            },
            "ipv6": [
                {
                    "address": "::1",
                    "prefix": "128",
                    "scope": "host"
                }
            ],
            "mtu": 65536,
            "promisc": false,
            "timestamping": [],
            "type": "loopback"
        },
        "ansible_loadavg": {
            "15m": 0.02685546875,
            "1m": 0.341796875,
            "5m": 0.0810546875
        },
        "ansible_local": {},
        "ansible_locally_reachable_ips": {
            "ipv4": [
                "10.1.1.242",
                "127.0.0.0/8",
                "127.0.0.1"
            ],
            "ipv6": [
                "::1",
                "fe80::66:3dff:fe73:9145"
            ]
        },
        "ansible_lsb": {
            "codename": "noble",
            "description": "Ubuntu 24.04.4 LTS",
            "id": "Ubuntu",
            "major_release": "24",
            "release": "24.04"
        },
        "ansible_lvm": {
            "lvs": {},
            "pvs": {},
            "vgs": {}
        },
        "ansible_machine": "x86_64",
        "ansible_machine_id": "ec2332c0ddf2f0cc05f58d60a9ef1ce0",
        "ansible_memfree_mb": 829,
        "ansible_memory_mb": {
            "nocache": {
                "free": 1607,
                "used": 299
            },
            "real": {
                "free": 829,
                "total": 1906,
                "used": 1077
            },
            "swap": {
                "cached": 0,
                "free": 0,
                "total": 0,
                "used": 0
            }
        },
        "ansible_memtotal_mb": 1906,
        "ansible_mounts": [
            {
                "block_available": 1009621,
                "block_size": 4096,
                "block_total": 1758594,
                "block_used": 748973,
                "device": "/dev/root",
                "fstype": "ext4",
                "inode_available": 792346,
                "inode_total": 917504,
                "inode_used": 125158,
                "mount": "/",
                "options": "rw,relatime,discard,errors=remount-ro,commit=30",
                "size_available": 4135407616,
                "size_total": 7203201024,
                "uuid": "0ef35759-eb42-4358-9a2a-1f74696d7007"
            },
            {
                "block_available": 0,
                "block_size": 131072,
                "block_total": 226,
                "block_used": 226,
                "device": "/dev/loop0",
                "fstype": "squashfs",
                "inode_available": 0,
                "inode_total": 14,
                "inode_used": 14,
                "mount": "/snap/amazon-ssm-agent/13009",
                "options": "ro,nodev,relatime,errors=continue,threads=single",
                "size_available": 0,
                "size_total": 29622272,
                "uuid": "N/A"
            },
            {
                "block_available": 0,
                "block_size": 131072,
                "block_total": 228,
                "block_used": 228,
                "device": "/dev/loop1",
                "fstype": "squashfs",
                "inode_available": 0,
                "inode_total": 14,
                "inode_used": 14,
                "mount": "/snap/amazon-ssm-agent/13349",
                "options": "ro,nodev,relatime,errors=continue,threads=single",
                "size_available": 0,
                "size_total": 29884416,
                "uuid": "N/A"
            },
            {
                "block_available": 0,
                "block_size": 131072,
                "block_total": 592,
                "block_used": 592,
                "device": "/dev/loop2",
                "fstype": "squashfs",
                "inode_available": 0,
                "inode_total": 14270,
                "inode_used": 14270,
                "mount": "/snap/core22/2437",
                "options": "ro,nodev,relatime,errors=continue,threads=single",
                "size_available": 0,
                "size_total": 77594624,
                "uuid": "N/A"
            },
            {
                "block_available": 0,
                "block_size": 131072,
                "block_total": 592,
                "block_used": 592,
                "device": "/dev/loop3",
                "fstype": "squashfs",
                "inode_available": 0,
                "inode_total": 14270,
                "inode_used": 14270,
                "mount": "/snap/core22/2411",
                "options": "ro,nodev,relatime,errors=continue,threads=single",
                "size_available": 0,
                "size_total": 77594624,
                "uuid": "N/A"
            },
            {
                "block_available": 0,
                "block_size": 131072,
                "block_total": 401,
                "block_used": 401,
                "device": "/dev/loop5",
                "fstype": "squashfs",
                "inode_available": 0,
                "inode_total": 610,
                "inode_used": 610,
                "mount": "/snap/snapd/27591",
                "options": "ro,nodev,relatime,errors=continue,threads=single",
                "size_available": 0,
                "size_total": 52559872,
                "uuid": "N/A"
            },
            {
                "block_available": 0,
                "block_size": 131072,
                "block_total": 401,
                "block_used": 401,
                "device": "/dev/loop4",
                "fstype": "squashfs",
                "inode_available": 0,
                "inode_total": 610,
                "inode_used": 610,
                "mount": "/snap/snapd/27710",
                "options": "ro,nodev,relatime,errors=continue,threads=single",
                "size_available": 0,
                "size_total": 52559872,
                "uuid": "N/A"
            },
            {
                "block_available": 163019,
                "block_size": 4096,
                "block_total": 225380,
                "block_used": 62361,
                "device": "/dev/nvme0n1p16",
                "fstype": "ext4",
                "inode_available": 57891,
                "inode_total": 58496,
                "inode_used": 605,
                "mount": "/boot",
                "options": "rw,relatime",
                "size_available": 667725824,
                "size_total": 923156480,
                "uuid": "8fb95cef-95fc-48ca-aaab-3f1b1df59748"
            },
            {
                "block_available": 201164,
                "block_size": 512,
                "block_total": 213663,
                "block_used": 12499,
                "device": "/dev/nvme0n1p15",
                "fstype": "vfat",
                "inode_available": 0,
                "inode_total": 0,
                "inode_used": 0,
                "mount": "/boot/efi",
                "options": "rw,relatime,fmask=0077,dmask=0077,codepage=437,iocharset=iso8859-1,shortname=mixed,errors=remount-ro",
                "size_available": 102995968,
                "size_total": 109395456,
                "uuid": "886D-F892"
            }
        ],
        "ansible_nodename": "ip-10-1-1-242",
        "ansible_os_family": "Debian",
        "ansible_pkg_mgr": "apt",
        "ansible_proc_cmdline": {
            "BOOT_IMAGE": "/vmlinuz-7.0.0-1010-aws",
            "console": [
                "tty1",
                "ttyS0"
            ],
            "nvme_core.io_timeout": "4294967295",
            "panic": "-1",
            "ro": true,
            "root": "PARTUUID=fe814a98-f7fd-4c3d-9642-c18fe64c6e5d"
        },
        "ansible_processor": [
            "0",
            "GenuineIntel",
            "Intel(R) Xeon(R) Platinum 8259CL CPU @ 2.50GHz",
            "1",
            "GenuineIntel",
            "Intel(R) Xeon(R) Platinum 8259CL CPU @ 2.50GHz"
        ],
        "ansible_processor_cores": 1,
        "ansible_processor_count": 1,
        "ansible_processor_nproc": 2,
        "ansible_processor_threads_per_core": 2,
        "ansible_processor_vcpus": 2,
        "ansible_product_name": "t3.small",
        "ansible_product_serial": "ec2332c0-ddf2-f0cc-05f5-8d60a9ef1ce0",
        "ansible_product_uuid": "ec2332c0-ddf2-f0cc-05f5-8d60a9ef1ce0",
        "ansible_product_version": "NA",
        "ansible_python": {
            "executable": "/usr/bin/python3",
            "has_sslcontext": true,
            "type": "cpython",
            "version": {
                "major": 3,
                "micro": 3,
                "minor": 12,
                "releaselevel": "final",
                "serial": 0
            },
            "version_info": [
                3,
                12,
                3,
                "final",
                0
            ]
        },
        "ansible_python_version": "3.12.3",
        "ansible_real_group_id": 0,
        "ansible_real_user_id": 0,
        "ansible_selinux": {
            "status": "disabled"
        },
        "ansible_selinux_python_present": true,
        "ansible_service_mgr": "systemd",
        "ansible_ssh_host_key_ecdsa_public": "AAAAE2VjZHNhLXNoYTItbmlzdHAyNTYAAAAIbmlzdHAyNTYAAABBBFIYk9N0Ok+CKGP85n9xa/Yjd2XIZUiNKrwajNGcw9pLC4RTDX7pd1V7bM8ox8Lmx5YAluD6x/V8aiwWWtF/dH8=",
        "ansible_ssh_host_key_ecdsa_public_keytype": "ecdsa-sha2-nistp256",
        "ansible_ssh_host_key_ed25519_public": "AAAAC3NzaC1lZDI1NTE5AAAAIBE5J03Jaojavtic+ivzLcuuEutAJ49bxKCXr5T5l/XR",
        "ansible_ssh_host_key_ed25519_public_keytype": "ssh-ed25519",
        "ansible_ssh_host_key_rsa_public": "AAAAB3NzaC1yc2EAAAADAQABAAABgQCrgQKhk1RpK2hGEusbin9QqyyOxI8jo/VyIe8dZmR3pIfAGqKeZNm+aFZg1ftbh8wkSgjYxQ6677Jd+p0fk9/xvKbYyJx4+5c+zZlhmynfdykTvq//kEhZ67Bu+UE/G0lAZc2aLJxbZqCklNS4glCC2rxSA4qJcTn8mQR4lbUiqszjVmFj7wXsK9kpurqOGTpkxlhFcZh7wj6plQfdVZB++vvZLfBgyhifmS8fPggdVCKyuxugAxglYmJIa+21OFS9V4V5ITL2cGRuWYOgxCMq+swDqwfh8NMbi6ovoqoF8Shn0t4Sy3N5QAD7BGPGd2+JAFOsjah6rFIEZyqYKwm6q/m3MnMPGT+lul/QTrbe/WZjHMdmqLwefmswZVwRdSdCYazgB2Q9liZrOfAeUfz7u+QAOElM5H5Fsxh5GEmrSdgy8UOrxsvN0KifoD6RoQ2dnUNANwhkGRObFWjaPTtScKHgaFHR6u+f4L4o9Wi7kTFfjBUK9k1stPXvdYmJVRM=",
        "ansible_ssh_host_key_rsa_public_keytype": "ssh-rsa",
        "ansible_swapfree_mb": 0,
        "ansible_swaptotal_mb": 0,
        "ansible_system": "Linux",
        "ansible_system_capabilities": [],
        "ansible_system_capabilities_enforced": "False",
        "ansible_system_vendor": "Amazon EC2",
        "ansible_uptime_seconds": 28569,
        "ansible_user_dir": "/root",
        "ansible_user_gecos": "root",
        "ansible_user_gid": 0,
        "ansible_user_id": "root",
        "ansible_user_shell": "/bin/bash",
        "ansible_user_uid": 0,
        "ansible_userspace_architecture": "x86_64",
        "ansible_userspace_bits": "64",
        "ansible_virtualization_role": "guest",
        "ansible_virtualization_tech_guest": [
            "kvm"
        ],
        "ansible_virtualization_tech_host": [],
        "ansible_virtualization_type": "kvm",
        "gather_subset": [
            "all"
        ],
        "module_setup": true
    },
    "changed": false,
    "deprecations": [],
    "warnings": []
}
10.1.1.242 | CHANGED => {
    "changed": true,
    "gid": 114,
    "group": "postgres",
    "mode": "0700",
    "owner": "postgres",
    "path": "/var/lib/postgresql/17/monitor",
    "size": 4096,
    "state": "directory",
    "uid": 111
}
10.1.1.242 | CHANGED | rc=0 >>
12:21:27 5847 INFO  Using default --ssl-mode "require"
12:21:27 5847 INFO  Using --ssl-self-signed: pg_autoctl will create self-signed certificates, allowing for encrypted network traffic
12:21:27 5847 WARN  Self-signed certificates provide protection against eavesdropping; this setup does NOT protect against Man-In-The-Middle attacks nor Impersonation attacks.
12:21:27 5847 WARN  See https://www.postgresql.org/docs/current/libpq-ssl.html for details
12:21:27 5847 INFO  Initialising a PostgreSQL cluster at "/var/lib/postgresql/17/monitor"
12:21:27 5847 INFO  /usr/lib/postgresql/17/bin/pg_ctl initdb -s -D /var/lib/postgresql/17/monitor --option '--auth=trust'
12:21:28 5847 INFO   /usr/bin/openssl req -new -x509 -days 365 -nodes -text -out /var/lib/postgresql/17/monitor/server.crt -keyout /var/lib/postgresql/17/monitor/server.key -subj "/CN=10.1.1.242"
12:21:28 5847 INFO  Started pg_autoctl postgres service with pid 5867
12:21:28 5867 INFO   /usr/bin/pg_autoctl do service postgres --pgdata /var/lib/postgresql/17/monitor -v
12:21:28 5847 INFO  Started pg_autoctl monitor-init service with pid 5868
12:21:28 5873 INFO   /usr/lib/postgresql/17/bin/postgres -D /var/lib/postgresql/17/monitor -p 5432 -h *
12:21:28 5867 INFO  Postgres is now serving PGDATA "/var/lib/postgresql/17/monitor" on port 5432 with pid 5873
12:21:28 5868 WARN  NOTICE:  installing required extension "btree_gist"
12:21:28 5868 INFO  Granting connection privileges on 10.1.1.0/24
12:21:28 5868 INFO  Reloading Postgres configuration and HBA rules
12:21:28 5868 INFO  Your pg_auto_failover monitor instance is now ready on port 5432.
12:21:28 5868 INFO  Monitor has been successfully initialized.
12:21:28 5847 WARN  pg_autoctl service monitor-init exited with exit status 0
12:21:28 5867 INFO  Postgres controller service received signal SIGTERM, terminating
12:21:28 5867 INFO  Stopping pg_autoctl postgres service
12:21:28 5867 INFO  /usr/lib/postgresql/17/bin/pg_ctl --pgdata /var/lib/postgresql/17/monitor --wait stop --mode fast
12:21:29 5847 INFO  Stop pg_autoctl
10.1.1.242 | CHANGED => {
    "backup": "",
    "changed": true,
    "msg": "line replaced"
}
10.1.1.242 | CHANGED => {
    "changed": true,
    "msg": "Block inserted"
}
10.1.1.242 | CHANGED | rc=0 >>
12:21:30 5954 INFO  HINT: to complete a systemd integration, run the following commands (as root):
12:21:30 5954 INFO  pg_autoctl -q show systemd --pgdata "/var/lib/postgresql/17/monitor" | tee /etc/systemd/system/pgautofailover.service
12:21:30 5954 INFO  systemctl daemon-reload
12:21:30 5954 INFO  systemctl enable pgautofailover
12:21:30 5954 INFO  systemctl start pgautofailover
10.1.1.242 | SUCCESS => {
    "changed": false,
    "name": null,
    "status": {}
}
10.1.1.242 | CHANGED => {
    "changed": true,
    "enabled": true,
    "name": "pgautofailover",
    "state": "started",
    "status": {
        "ActiveEnterTimestampMonotonic": "0",
        "ActiveExitTimestampMonotonic": "0",
        "ActiveState": "inactive",
        "After": "system.slice -.mount systemd-journald.socket basic.target sysinit.target",
        "AllowIsolate": "no",
        "AssertResult": "no",
        "AssertTimestampMonotonic": "0",
        "Before": "shutdown.target",
        "BlockIOAccounting": "no",
        "BlockIOWeight": "[not set]",
        "CPUAccounting": "yes",
        "CPUAffinityFromNUMA": "no",
        "CPUQuotaPerSecUSec": "infinity",
        "CPUQuotaPeriodUSec": "infinity",
        "CPUSchedulingPolicy": "0",
        "CPUSchedulingPriority": "0",
        "CPUSchedulingResetOnFork": "no",
        "CPUShares": "[not set]",
        "CPUUsageNSec": "[not set]",
        "CPUWeight": "[not set]",
        "CacheDirectoryMode": "0755",
        "CanFreeze": "yes",
        "CanIsolate": "no",
        "CanReload": "yes",
        "CanStart": "yes",
        "CanStop": "yes",
        "CapabilityBoundingSet": "cap_chown cap_dac_override cap_dac_read_search cap_fowner cap_fsetid cap_kill cap_setgid cap_setuid cap_setpcap cap_linux_immutable cap_net_bind_service cap_net_broadcast cap_net_admin cap_net_raw cap_ipc_lock cap_ipc_owner cap_sys_module cap_sys_rawio cap_sys_chroot cap_sys_ptrace cap_sys_pacct cap_sys_admin cap_sys_boot cap_sys_nice cap_sys_resource cap_sys_time cap_sys_tty_config cap_mknod cap_lease cap_audit_write cap_audit_control cap_setfcap cap_mac_override cap_mac_admin cap_syslog cap_wake_alarm cap_block_suspend cap_audit_read cap_perfmon cap_bpf cap_checkpoint_restore",
        "CleanResult": "success",
        "CollectMode": "inactive",
        "ConditionResult": "no",
        "ConditionTimestampMonotonic": "0",
        "ConfigurationDirectoryMode": "0755",
        "Conflicts": "shutdown.target",
        "ControlGroupId": "0",
        "ControlPID": "0",
        "CoredumpFilter": "0x33",
        "CoredumpReceive": "no",
        "DefaultDependencies": "yes",
        "DefaultMemoryLow": "0",
        "DefaultMemoryMin": "0",
        "DefaultStartupMemoryLow": "0",
        "Delegate": "no",
        "Description": "pg_auto_failover",
        "DevicePolicy": "auto",
        "DynamicUser": "no",
        "Environment": "PGDATA=/var/lib/postgresql/17/monitor",
        "ExecMainCode": "0",
        "ExecMainExitTimestampMonotonic": "0",
        "ExecMainPID": "0",
        "ExecMainStartTimestampMonotonic": "0",
        "ExecMainStatus": "0",
        "ExecReload": "{ path=/usr/bin/pg_autoctl ; argv[]=/usr/bin/pg_autoctl reload ; ignore_errors=no ; start_time=[n/a] ; stop_time=[n/a] ; pid=0 ; code=(null) ; status=0/0 }",
        "ExecReloadEx": "{ path=/usr/bin/pg_autoctl ; argv[]=/usr/bin/pg_autoctl reload ; flags= ; start_time=[n/a] ; stop_time=[n/a] ; pid=0 ; code=(null) ; status=0/0 }",
        "ExecStart": "{ path=/usr/bin/pg_autoctl ; argv[]=/usr/bin/pg_autoctl run ; ignore_errors=no ; start_time=[n/a] ; stop_time=[n/a] ; pid=0 ; code=(null) ; status=0/0 }",
        "ExecStartEx": "{ path=/usr/bin/pg_autoctl ; argv[]=/usr/bin/pg_autoctl run ; flags= ; start_time=[n/a] ; stop_time=[n/a] ; pid=0 ; code=(null) ; status=0/0 }",
        "ExitType": "main",
        "ExtensionImagePolicy": "root=verity+signed+encrypted+unprotected+absent:usr=verity+signed+encrypted+unprotected+absent:home=encrypted+unprotected+absent:srv=encrypted+unprotected+absent:tmp=encrypted+unprotected+absent:var=encrypted+unprotected+absent",
        "FailureAction": "none",
        "FileDescriptorStoreMax": "0",
        "FileDescriptorStorePreserve": "restart",
        "FinalKillSignal": "9",
        "FragmentPath": "/etc/systemd/system/pgautofailover.service",
        "FreezerState": "running",
        "GID": "[not set]",
        "GuessMainPID": "yes",
        "IOAccounting": "no",
        "IOReadBytes": "[not set]",
        "IOReadOperations": "[not set]",
        "IOSchedulingClass": "2",
        "IOSchedulingPriority": "4",
        "IOWeight": "[not set]",
        "IOWriteBytes": "[not set]",
        "IOWriteOperations": "[not set]",
        "IPAccounting": "no",
        "IPEgressBytes": "[no data]",
        "IPEgressPackets": "[no data]",
        "IPIngressBytes": "[no data]",
        "IPIngressPackets": "[no data]",
        "Id": "pgautofailover.service",
        "IgnoreOnIsolate": "no",
        "IgnoreSIGPIPE": "yes",
        "InactiveEnterTimestampMonotonic": "0",
        "InactiveExitTimestampMonotonic": "0",
        "JobRunningTimeoutUSec": "infinity",
        "JobTimeoutAction": "none",
        "JobTimeoutUSec": "infinity",
        "KeyringMode": "private",
        "KillMode": "control-group",
        "KillSignal": "15",
        "LimitAS": "infinity",
        "LimitASSoft": "infinity",
        "LimitCORE": "infinity",
        "LimitCORESoft": "0",
        "LimitCPU": "infinity",
        "LimitCPUSoft": "infinity",
        "LimitDATA": "infinity",
        "LimitDATASoft": "infinity",
        "LimitFSIZE": "infinity",
        "LimitFSIZESoft": "infinity",
        "LimitLOCKS": "infinity",
        "LimitLOCKSSoft": "infinity",
        "LimitMEMLOCK": "8388608",
        "LimitMEMLOCKSoft": "8388608",
        "LimitMSGQUEUE": "819200",
        "LimitMSGQUEUESoft": "819200",
        "LimitNICE": "0",
        "LimitNICESoft": "0",
        "LimitNOFILE": "524288",
        "LimitNOFILESoft": "1024",
        "LimitNPROC": "5806",
        "LimitNPROCSoft": "5806",
        "LimitRSS": "infinity",
        "LimitRSSSoft": "infinity",
        "LimitRTPRIO": "0",
        "LimitRTPRIOSoft": "0",
        "LimitRTTIME": "infinity",
        "LimitRTTIMESoft": "infinity",
        "LimitSIGPENDING": "5806",
        "LimitSIGPENDINGSoft": "5806",
        "LimitSTACK": "infinity",
        "LimitSTACKSoft": "8388608",
        "LoadState": "loaded",
        "LockPersonality": "no",
        "LogLevelMax": "-1",
        "LogRateLimitBurst": "0",
        "LogRateLimitIntervalUSec": "0",
        "LogsDirectoryMode": "0755",
        "MainPID": "0",
        "ManagedOOMMemoryPressure": "auto",
        "ManagedOOMMemoryPressureLimit": "0",
        "ManagedOOMPreference": "none",
        "ManagedOOMSwap": "auto",
        "MemoryAccounting": "yes",
        "MemoryAvailable": "1514479616",
        "MemoryCurrent": "[not set]",
        "MemoryDenyWriteExecute": "no",
        "MemoryHigh": "infinity",
        "MemoryKSM": "no",
        "MemoryLimit": "infinity",
        "MemoryLow": "0",
        "MemoryMax": "infinity",
        "MemoryMin": "0",
        "MemoryPeak": "[not set]",
        "MemoryPressureThresholdUSec": "200ms",
        "MemoryPressureWatch": "auto",
        "MemorySwapCurrent": "[not set]",
        "MemorySwapMax": "infinity",
        "MemorySwapPeak": "[not set]",
        "MemoryZSwapCurrent": "[not set]",
        "MemoryZSwapMax": "infinity",
        "MountAPIVFS": "no",
        "MountImagePolicy": "root=verity+signed+encrypted+unprotected+absent:usr=verity+signed+encrypted+unprotected+absent:home=encrypted+unprotected+absent:srv=encrypted+unprotected+absent:tmp=encrypted+unprotected+absent:var=encrypted+unprotected+absent",
        "NFileDescriptorStore": "0",
        "NRestarts": "0",
        "NUMAPolicy": "n/a",
        "Names": "pgautofailover.service",
        "NeedDaemonReload": "no",
        "Nice": "0",
        "NoNewPrivileges": "no",
        "NonBlocking": "no",
        "NotifyAccess": "none",
        "OOMPolicy": "stop",
        "OOMScoreAdjust": "0",
        "OnFailureJobMode": "replace",
        "OnSuccessJobMode": "fail",
        "Perpetual": "no",
        "PrivateDevices": "no",
        "PrivateIPC": "no",
        "PrivateMounts": "no",
        "PrivateNetwork": "no",
        "PrivateTmp": "no",
        "PrivateUsers": "no",
        "ProcSubset": "all",
        "ProtectClock": "no",
        "ProtectControlGroups": "no",
        "ProtectHome": "no",
        "ProtectHostname": "no",
        "ProtectKernelLogs": "no",
        "ProtectKernelModules": "no",
        "ProtectKernelTunables": "no",
        "ProtectProc": "default",
        "ProtectSystem": "no",
        "RefuseManualStart": "no",
        "RefuseManualStop": "no",
        "ReloadResult": "success",
        "ReloadSignal": "1",
        "RemainAfterExit": "no",
        "RemoveIPC": "no",
        "Requires": "system.slice -.mount sysinit.target",
        "RequiresMountsFor": "/var/lib/postgresql",
        "Restart": "always",
        "RestartKillSignal": "15",
        "RestartMaxDelayUSec": "infinity",
        "RestartMode": "normal",
        "RestartSteps": "0",
        "RestartUSec": "100ms",
        "RestartUSecNext": "100ms",
        "RestrictNamespaces": "no",
        "RestrictRealtime": "no",
        "RestrictSUIDSGID": "no",
        "Result": "success",
        "RootDirectoryStartOnly": "no",
        "RootEphemeral": "no",
        "RootImagePolicy": "root=verity+signed+encrypted+unprotected+absent:usr=verity+signed+encrypted+unprotected+absent:home=encrypted+unprotected+absent:srv=encrypted+unprotected+absent:tmp=encrypted+unprotected+absent:var=encrypted+unprotected+absent",
        "RuntimeDirectoryMode": "0755",
        "RuntimeDirectoryPreserve": "no",
        "RuntimeMaxUSec": "infinity",
        "RuntimeRandomizedExtraUSec": "0",
        "SameProcessGroup": "no",
        "SecureBits": "0",
        "SendSIGHUP": "no",
        "SendSIGKILL": "yes",
        "SetLoginEnvironment": "no",
        "Slice": "system.slice",
        "StandardError": "inherit",
        "StandardInput": "null",
        "StandardOutput": "journal",
        "StartLimitAction": "none",
        "StartLimitBurst": "0",
        "StartLimitIntervalUSec": "10s",
        "StartupBlockIOWeight": "[not set]",
        "StartupCPUShares": "[not set]",
        "StartupCPUWeight": "[not set]",
        "StartupIOWeight": "[not set]",
        "StartupMemoryHigh": "infinity",
        "StartupMemoryLow": "0",
        "StartupMemoryMax": "infinity",
        "StartupMemorySwapMax": "infinity",
        "StartupMemoryZSwapMax": "infinity",
        "StateChangeTimestampMonotonic": "0",
        "StateDirectoryMode": "0755",
        "StatusErrno": "0",
        "StopWhenUnneeded": "no",
        "SubState": "dead",
        "SuccessAction": "none",
        "SurviveFinalKillSignal": "no",
        "SyslogFacility": "3",
        "SyslogLevel": "6",
        "SyslogLevelPrefix": "yes",
        "SyslogPriority": "30",
        "SystemCallErrorNumber": "2147483646",
        "TTYReset": "no",
        "TTYVHangup": "no",
        "TTYVTDisallocate": "no",
        "TasksAccounting": "yes",
        "TasksCurrent": "[not set]",
        "TasksMax": "1741",
        "TimeoutAbortUSec": "1min 30s",
        "TimeoutCleanUSec": "infinity",
        "TimeoutStartFailureMode": "terminate",
        "TimeoutStartUSec": "1min 30s",
        "TimeoutStopFailureMode": "terminate",
        "TimeoutStopUSec": "1min 30s",
        "TimerSlackNSec": "50000",
        "Transient": "no",
        "Type": "simple",
        "UID": "[not set]",
        "UMask": "0022",
        "UnitFilePreset": "enabled",
        "UnitFileState": "disabled",
        "User": "postgres",
        "UtmpMode": "init",
        "WatchdogSignal": "6",
        "WatchdogTimestampMonotonic": "0",
        "WatchdogUSec": "infinity",
        "WorkingDirectory": "/var/lib/postgresql"
    }
}
10.1.1.242 | CHANGED | rc=0 >>
        Type |    Name | Connection String
-------------+---------+-------------------------------
     monitor | monitor | postgres://autoctl_node@10.1.1.242:5432/pg_auto_failover?sslmode=require
   formation | default | 
10.1.1.242 | SUCCESS => {
    "monitor_uri.stdout": "        Type |    Name | Connection String\n-------------+---------+-------------------------------\n     monitor | monitor | postgres://autoctl_node@10.1.1.242:5432/pg_auto_failover?sslmode=require\n   formation | default | "
}
10.1.1.242 | SUCCESS => {
    "changed": false,
    "name": "pgautofailover",
    "status": {
        "ActiveEnterTimestamp": "Thu 2026-08-20 12:21:32 UTC",
        "ActiveEnterTimestampMonotonic": "28575152450",
        "ActiveExitTimestampMonotonic": "0",
        "ActiveState": "active",
        "After": "system.slice -.mount systemd-journald.socket basic.target sysinit.target",
        "AllowIsolate": "no",
        "AssertResult": "yes",
        "AssertTimestamp": "Thu 2026-08-20 12:21:32 UTC",
        "AssertTimestampMonotonic": "28575143940",
        "Before": "shutdown.target multi-user.target",
        "BlockIOAccounting": "no",
        "BlockIOWeight": "[not set]",
        "CPUAccounting": "yes",
        "CPUAffinityFromNUMA": "no",
        "CPUQuotaPerSecUSec": "infinity",
        "CPUQuotaPeriodUSec": "infinity",
        "CPUSchedulingPolicy": "0",
        "CPUSchedulingPriority": "0",
        "CPUSchedulingResetOnFork": "no",
        "CPUShares": "[not set]",
        "CPUUsageNSec": "178464000",
        "CPUWeight": "[not set]",
        "CacheDirectoryMode": "0755",
        "CanFreeze": "yes",
        "CanIsolate": "no",
        "CanReload": "yes",
        "CanStart": "yes",
        "CanStop": "yes",
        "CapabilityBoundingSet": "cap_chown cap_dac_override cap_dac_read_search cap_fowner cap_fsetid cap_kill cap_setgid cap_setuid cap_setpcap cap_linux_immutable cap_net_bind_service cap_net_broadcast cap_net_admin cap_net_raw cap_ipc_lock cap_ipc_owner cap_sys_module cap_sys_rawio cap_sys_chroot cap_sys_ptrace cap_sys_pacct cap_sys_admin cap_sys_boot cap_sys_nice cap_sys_resource cap_sys_time cap_sys_tty_config cap_mknod cap_lease cap_audit_write cap_audit_control cap_setfcap cap_mac_override cap_mac_admin cap_syslog cap_wake_alarm cap_block_suspend cap_audit_read cap_perfmon cap_bpf cap_checkpoint_restore",
        "CleanResult": "success",
        "CollectMode": "inactive",
        "ConditionResult": "yes",
        "ConditionTimestamp": "Thu 2026-08-20 12:21:32 UTC",
        "ConditionTimestampMonotonic": "28575143937",
        "ConfigurationDirectoryMode": "0755",
        "Conflicts": "shutdown.target",
        "ControlGroup": "/system.slice/pgautofailover.service",
        "ControlGroupId": "10735",
        "ControlPID": "0",
        "CoredumpFilter": "0x33",
        "CoredumpReceive": "no",
        "DefaultDependencies": "yes",
        "DefaultMemoryLow": "0",
        "DefaultMemoryMin": "0",
        "DefaultStartupMemoryLow": "0",
        "Delegate": "no",
        "Description": "pg_auto_failover",
        "DevicePolicy": "auto",
        "DynamicUser": "no",
        "Environment": "PGDATA=/var/lib/postgresql/17/monitor",
        "ExecMainCode": "0",
        "ExecMainExitTimestampMonotonic": "0",
        "ExecMainPID": "6286",
        "ExecMainStartTimestamp": "Thu 2026-08-20 12:21:32 UTC",
        "ExecMainStartTimestampMonotonic": "28575152181",
        "ExecMainStatus": "0",
        "ExecReload": "{ path=/usr/bin/pg_autoctl ; argv[]=/usr/bin/pg_autoctl reload ; ignore_errors=no ; start_time=[n/a] ; stop_time=[n/a] ; pid=0 ; code=(null) ; status=0/0 }",
        "ExecReloadEx": "{ path=/usr/bin/pg_autoctl ; argv[]=/usr/bin/pg_autoctl reload ; flags= ; start_time=[n/a] ; stop_time=[n/a] ; pid=0 ; code=(null) ; status=0/0 }",
        "ExecStart": "{ path=/usr/bin/pg_autoctl ; argv[]=/usr/bin/pg_autoctl run ; ignore_errors=no ; start_time=[Thu 2026-08-20 12:21:32 UTC] ; stop_time=[n/a] ; pid=6286 ; code=(null) ; status=0/0 }",
        "ExecStartEx": "{ path=/usr/bin/pg_autoctl ; argv[]=/usr/bin/pg_autoctl run ; flags= ; start_time=[Thu 2026-08-20 12:21:32 UTC] ; stop_time=[n/a] ; pid=6286 ; code=(null) ; status=0/0 }",
        "ExitType": "main",
        "ExtensionImagePolicy": "root=verity+signed+encrypted+unprotected+absent:usr=verity+signed+encrypted+unprotected+absent:home=encrypted+unprotected+absent:srv=encrypted+unprotected+absent:tmp=encrypted+unprotected+absent:var=encrypted+unprotected+absent",
        "FailureAction": "none",
        "FileDescriptorStoreMax": "0",
        "FileDescriptorStorePreserve": "restart",
        "FinalKillSignal": "9",
        "FragmentPath": "/etc/systemd/system/pgautofailover.service",
        "FreezerState": "running",
        "GID": "114",
        "GuessMainPID": "yes",
        "IOAccounting": "no",
        "IOReadBytes": "[not set]",
        "IOReadOperations": "[not set]",
        "IOSchedulingClass": "2",
        "IOSchedulingPriority": "4",
        "IOWeight": "[not set]",
        "IOWriteBytes": "[not set]",
        "IOWriteOperations": "[not set]",
        "IPAccounting": "no",
        "IPEgressBytes": "[no data]",
        "IPEgressPackets": "[no data]",
        "IPIngressBytes": "[no data]",
        "IPIngressPackets": "[no data]",
        "Id": "pgautofailover.service",
        "IgnoreOnIsolate": "no",
        "IgnoreSIGPIPE": "yes",
        "InactiveEnterTimestampMonotonic": "0",
        "InactiveExitTimestamp": "Thu 2026-08-20 12:21:32 UTC",
        "InactiveExitTimestampMonotonic": "28575152450",
        "InvocationID": "4140f395e26d41b1bc4af838b03d7a38",
        "JobRunningTimeoutUSec": "infinity",
        "JobTimeoutAction": "none",
        "JobTimeoutUSec": "infinity",
        "KeyringMode": "private",
        "KillMode": "control-group",
        "KillSignal": "15",
        "LimitAS": "infinity",
        "LimitASSoft": "infinity",
        "LimitCORE": "infinity",
        "LimitCORESoft": "0",
        "LimitCPU": "infinity",
        "LimitCPUSoft": "infinity",
        "LimitDATA": "infinity",
        "LimitDATASoft": "infinity",
        "LimitFSIZE": "infinity",
        "LimitFSIZESoft": "infinity",
        "LimitLOCKS": "infinity",
        "LimitLOCKSSoft": "infinity",
        "LimitMEMLOCK": "8388608",
        "LimitMEMLOCKSoft": "8388608",
        "LimitMSGQUEUE": "819200",
        "LimitMSGQUEUESoft": "819200",
        "LimitNICE": "0",
        "LimitNICESoft": "0",
        "LimitNOFILE": "524288",
        "LimitNOFILESoft": "1024",
        "LimitNPROC": "5806",
        "LimitNPROCSoft": "5806",
        "LimitRSS": "infinity",
        "LimitRSSSoft": "infinity",
        "LimitRTPRIO": "0",
        "LimitRTPRIOSoft": "0",
        "LimitRTTIME": "infinity",
        "LimitRTTIMESoft": "infinity",
        "LimitSIGPENDING": "5806",
        "LimitSIGPENDINGSoft": "5806",
        "LimitSTACK": "infinity",
        "LimitSTACKSoft": "8388608",
        "LoadState": "loaded",
        "LockPersonality": "no",
        "LogLevelMax": "-1",
        "LogRateLimitBurst": "0",
        "LogRateLimitIntervalUSec": "0",
        "LogsDirectoryMode": "0755",
        "MainPID": "6286",
        "ManagedOOMMemoryPressure": "auto",
        "ManagedOOMMemoryPressureLimit": "0",
        "ManagedOOMPreference": "none",
        "ManagedOOMSwap": "auto",
        "MemoryAccounting": "yes",
        "MemoryAvailable": "1437384704",
        "MemoryCurrent": "57622528",
        "MemoryDenyWriteExecute": "no",
        "MemoryHigh": "infinity",
        "MemoryKSM": "no",
        "MemoryLimit": "infinity",
        "MemoryLow": "0",
        "MemoryMax": "infinity",
        "MemoryMin": "0",
        "MemoryPeak": "60620800",
        "MemoryPressureThresholdUSec": "200ms",
        "MemoryPressureWatch": "auto",
        "MemorySwapCurrent": "0",
        "MemorySwapMax": "infinity",
        "MemorySwapPeak": "0",
        "MemoryZSwapCurrent": "0",
        "MemoryZSwapMax": "infinity",
        "MountAPIVFS": "no",
        "MountImagePolicy": "root=verity+signed+encrypted+unprotected+absent:usr=verity+signed+encrypted+unprotected+absent:home=encrypted+unprotected+absent:srv=encrypted+unprotected+absent:tmp=encrypted+unprotected+absent:var=encrypted+unprotected+absent",
        "NFileDescriptorStore": "0",
        "NRestarts": "0",
        "NUMAPolicy": "n/a",
        "Names": "pgautofailover.service",
        "NeedDaemonReload": "no",
        "Nice": "0",
        "NoNewPrivileges": "no",
        "NonBlocking": "no",
        "NotifyAccess": "none",
        "OOMPolicy": "stop",
        "OOMScoreAdjust": "0",
        "OnFailureJobMode": "replace",
        "OnSuccessJobMode": "fail",
        "Perpetual": "no",
        "PrivateDevices": "no",
        "PrivateIPC": "no",
        "PrivateMounts": "no",
        "PrivateNetwork": "no",
        "PrivateTmp": "no",
        "PrivateUsers": "no",
        "ProcSubset": "all",
        "ProtectClock": "no",
        "ProtectControlGroups": "no",
        "ProtectHome": "no",
        "ProtectHostname": "no",
        "ProtectKernelLogs": "no",
        "ProtectKernelModules": "no",
        "ProtectKernelTunables": "no",
        "ProtectProc": "default",
        "ProtectSystem": "no",
        "RefuseManualStart": "no",
        "RefuseManualStop": "no",
        "ReloadResult": "success",
        "ReloadSignal": "1",
        "RemainAfterExit": "no",
        "RemoveIPC": "no",
        "Requires": "system.slice -.mount sysinit.target",
        "RequiresMountsFor": "/var/lib/postgresql",
        "Restart": "always",
        "RestartKillSignal": "15",
        "RestartMaxDelayUSec": "infinity",
        "RestartMode": "normal",
        "RestartSteps": "0",
        "RestartUSec": "100ms",
        "RestartUSecNext": "100ms",
        "RestrictNamespaces": "no",
        "RestrictRealtime": "no",
        "RestrictSUIDSGID": "no",
        "Result": "success",
        "RootDirectoryStartOnly": "no",
        "RootEphemeral": "no",
        "RootImagePolicy": "root=verity+signed+encrypted+unprotected+absent:usr=verity+signed+encrypted+unprotected+absent:home=encrypted+unprotected+absent:srv=encrypted+unprotected+absent:tmp=encrypted+unprotected+absent:var=encrypted+unprotected+absent",
        "RuntimeDirectoryMode": "0755",
        "RuntimeDirectoryPreserve": "no",
        "RuntimeMaxUSec": "infinity",
        "RuntimeRandomizedExtraUSec": "0",
        "SameProcessGroup": "no",
        "SecureBits": "0",
        "SendSIGHUP": "no",
        "SendSIGKILL": "yes",
        "SetLoginEnvironment": "no",
        "Slice": "system.slice",
        "StandardError": "inherit",
        "StandardInput": "null",
        "StandardOutput": "journal",
        "StartLimitAction": "none",
        "StartLimitBurst": "0",
        "StartLimitIntervalUSec": "10s",
        "StartupBlockIOWeight": "[not set]",
        "StartupCPUShares": "[not set]",
        "StartupCPUWeight": "[not set]",
        "StartupIOWeight": "[not set]",
        "StartupMemoryHigh": "infinity",
        "StartupMemoryLow": "0",
        "StartupMemoryMax": "infinity",
        "StartupMemorySwapMax": "infinity",
        "StartupMemoryZSwapMax": "infinity",
        "StateChangeTimestamp": "Thu 2026-08-20 12:21:32 UTC",
        "StateChangeTimestampMonotonic": "28575152450",
        "StateDirectoryMode": "0755",
        "StatusErrno": "0",
        "StopWhenUnneeded": "no",
        "SubState": "running",
        "SuccessAction": "none",
        "SurviveFinalKillSignal": "no",
        "SyslogFacility": "3",
        "SyslogLevel": "6",
        "SyslogLevelPrefix": "yes",
        "SyslogPriority": "30",
        "SystemCallErrorNumber": "2147483646",
        "TTYReset": "no",
        "TTYVHangup": "no",
        "TTYVTDisallocate": "no",
        "TasksAccounting": "yes",
        "TasksCurrent": "14",
        "TasksMax": "1741",
        "TimeoutAbortUSec": "1min 30s",
        "TimeoutCleanUSec": "infinity",
        "TimeoutStartFailureMode": "terminate",
        "TimeoutStartUSec": "1min 30s",
        "TimeoutStopFailureMode": "terminate",
        "TimeoutStopUSec": "1min 30s",
        "TimerSlackNSec": "50000",
        "Transient": "no",
        "Type": "simple",
        "UID": "111",
        "UMask": "0022",
        "UnitFilePreset": "enabled",
        "UnitFileState": "enabled",
        "User": "postgres",
        "UtmpMode": "init",
        "WantedBy": "multi-user.target",
        "WatchdogSignal": "6",
        "WatchdogTimestampMonotonic": "0",
        "WatchdogUSec": "0",
        "WorkingDirectory": "/var/lib/postgresql"
    }
}
10.1.1.242 | SUCCESS => {
    "changed": false,
    "elapsed": 0,
    "match_groupdict": {},
    "match_groups": [],
    "path": null,
    "port": 5432,
    "search_regex": null,
    "state": "started"
}
10.1.1.242 | SUCCESS | rc=0 >>
6286
6313
6314
10.1.1.242 | SUCCESS => {
    "msg": [
        "Service=active",
        "Process=6286\n6313\n6314"
    ]
}
10.1.1.242 | CHANGED => {
    "changed": true,
    "name": "pgautofailover",
    "state": "started",
    "status": {
        "ActiveEnterTimestamp": "Thu 2026-08-20 12:21:32 UTC",
        "ActiveEnterTimestampMonotonic": "28575152450",
        "ActiveExitTimestampMonotonic": "0",
        "ActiveState": "active",
        "After": "system.slice -.mount systemd-journald.socket basic.target sysinit.target",
        "AllowIsolate": "no",
        "AssertResult": "yes",
        "AssertTimestamp": "Thu 2026-08-20 12:21:32 UTC",
        "AssertTimestampMonotonic": "28575143940",
        "Before": "shutdown.target multi-user.target",
        "BlockIOAccounting": "no",
        "BlockIOWeight": "[not set]",
        "CPUAccounting": "yes",
        "CPUAffinityFromNUMA": "no",
        "CPUQuotaPerSecUSec": "infinity",
        "CPUQuotaPeriodUSec": "infinity",
        "CPUSchedulingPolicy": "0",
        "CPUSchedulingPriority": "0",
        "CPUSchedulingResetOnFork": "no",
        "CPUShares": "[not set]",
        "CPUUsageNSec": "184535000",
        "CPUWeight": "[not set]",
        "CacheDirectoryMode": "0755",
        "CanFreeze": "yes",
        "CanIsolate": "no",
        "CanReload": "yes",
        "CanStart": "yes",
        "CanStop": "yes",
        "CapabilityBoundingSet": "cap_chown cap_dac_override cap_dac_read_search cap_fowner cap_fsetid cap_kill cap_setgid cap_setuid cap_setpcap cap_linux_immutable cap_net_bind_service cap_net_broadcast cap_net_admin cap_net_raw cap_ipc_lock cap_ipc_owner cap_sys_module cap_sys_rawio cap_sys_chroot cap_sys_ptrace cap_sys_pacct cap_sys_admin cap_sys_boot cap_sys_nice cap_sys_resource cap_sys_time cap_sys_tty_config cap_mknod cap_lease cap_audit_write cap_audit_control cap_setfcap cap_mac_override cap_mac_admin cap_syslog cap_wake_alarm cap_block_suspend cap_audit_read cap_perfmon cap_bpf cap_checkpoint_restore",
        "CleanResult": "success",
        "CollectMode": "inactive",
        "ConditionResult": "yes",
        "ConditionTimestamp": "Thu 2026-08-20 12:21:32 UTC",
        "ConditionTimestampMonotonic": "28575143937",
        "ConfigurationDirectoryMode": "0755",
        "Conflicts": "shutdown.target",
        "ControlGroup": "/system.slice/pgautofailover.service",
        "ControlGroupId": "10735",
        "ControlPID": "0",
        "CoredumpFilter": "0x33",
        "CoredumpReceive": "no",
        "DefaultDependencies": "yes",
        "DefaultMemoryLow": "0",
        "DefaultMemoryMin": "0",
        "DefaultStartupMemoryLow": "0",
        "Delegate": "no",
        "Description": "pg_auto_failover",
        "DevicePolicy": "auto",
        "DynamicUser": "no",
        "Environment": "PGDATA=/var/lib/postgresql/17/monitor",
        "ExecMainCode": "0",
        "ExecMainExitTimestampMonotonic": "0",
        "ExecMainPID": "6286",
        "ExecMainStartTimestamp": "Thu 2026-08-20 12:21:32 UTC",
        "ExecMainStartTimestampMonotonic": "28575152181",
        "ExecMainStatus": "0",
        "ExecReload": "{ path=/usr/bin/pg_autoctl ; argv[]=/usr/bin/pg_autoctl reload ; ignore_errors=no ; start_time=[n/a] ; stop_time=[n/a] ; pid=0 ; code=(null) ; status=0/0 }",
        "ExecReloadEx": "{ path=/usr/bin/pg_autoctl ; argv[]=/usr/bin/pg_autoctl reload ; flags= ; start_time=[n/a] ; stop_time=[n/a] ; pid=0 ; code=(null) ; status=0/0 }",
        "ExecStart": "{ path=/usr/bin/pg_autoctl ; argv[]=/usr/bin/pg_autoctl run ; ignore_errors=no ; start_time=[Thu 2026-08-20 12:21:32 UTC] ; stop_time=[n/a] ; pid=6286 ; code=(null) ; status=0/0 }",
        "ExecStartEx": "{ path=/usr/bin/pg_autoctl ; argv[]=/usr/bin/pg_autoctl run ; flags= ; start_time=[Thu 2026-08-20 12:21:32 UTC] ; stop_time=[n/a] ; pid=6286 ; code=(null) ; status=0/0 }",
        "ExitType": "main",
        "ExtensionImagePolicy": "root=verity+signed+encrypted+unprotected+absent:usr=verity+signed+encrypted+unprotected+absent:home=encrypted+unprotected+absent:srv=encrypted+unprotected+absent:tmp=encrypted+unprotected+absent:var=encrypted+unprotected+absent",
        "FailureAction": "none",
        "FileDescriptorStoreMax": "0",
        "FileDescriptorStorePreserve": "restart",
        "FinalKillSignal": "9",
        "FragmentPath": "/etc/systemd/system/pgautofailover.service",
        "FreezerState": "running",
        "GID": "114",
        "GuessMainPID": "yes",
        "IOAccounting": "no",
        "IOReadBytes": "[not set]",
        "IOReadOperations": "[not set]",
        "IOSchedulingClass": "2",
        "IOSchedulingPriority": "4",
        "IOWeight": "[not set]",
        "IOWriteBytes": "[not set]",
        "IOWriteOperations": "[not set]",
        "IPAccounting": "no",
        "IPEgressBytes": "[no data]",
        "IPEgressPackets": "[no data]",
        "IPIngressBytes": "[no data]",
        "IPIngressPackets": "[no data]",
        "Id": "pgautofailover.service",
        "IgnoreOnIsolate": "no",
        "IgnoreSIGPIPE": "yes",
        "InactiveEnterTimestampMonotonic": "0",
        "InactiveExitTimestamp": "Thu 2026-08-20 12:21:32 UTC",
        "InactiveExitTimestampMonotonic": "28575152450",
        "InvocationID": "4140f395e26d41b1bc4af838b03d7a38",
        "JobRunningTimeoutUSec": "infinity",
        "JobTimeoutAction": "none",
        "JobTimeoutUSec": "infinity",
        "KeyringMode": "private",
        "KillMode": "control-group",
        "KillSignal": "15",
        "LimitAS": "infinity",
        "LimitASSoft": "infinity",
        "LimitCORE": "infinity",
        "LimitCORESoft": "0",
        "LimitCPU": "infinity",
        "LimitCPUSoft": "infinity",
        "LimitDATA": "infinity",
        "LimitDATASoft": "infinity",
        "LimitFSIZE": "infinity",
        "LimitFSIZESoft": "infinity",
        "LimitLOCKS": "infinity",
        "LimitLOCKSSoft": "infinity",
        "LimitMEMLOCK": "8388608",
        "LimitMEMLOCKSoft": "8388608",
        "LimitMSGQUEUE": "819200",
        "LimitMSGQUEUESoft": "819200",
        "LimitNICE": "0",
        "LimitNICESoft": "0",
        "LimitNOFILE": "524288",
        "LimitNOFILESoft": "1024",
        "LimitNPROC": "5806",
        "LimitNPROCSoft": "5806",
        "LimitRSS": "infinity",
        "LimitRSSSoft": "infinity",
        "LimitRTPRIO": "0",
        "LimitRTPRIOSoft": "0",
        "LimitRTTIME": "infinity",
        "LimitRTTIMESoft": "infinity",
        "LimitSIGPENDING": "5806",
        "LimitSIGPENDINGSoft": "5806",
        "LimitSTACK": "infinity",
        "LimitSTACKSoft": "8388608",
        "LoadState": "loaded",
        "LockPersonality": "no",
        "LogLevelMax": "-1",
        "LogRateLimitBurst": "0",
        "LogRateLimitIntervalUSec": "0",
        "LogsDirectoryMode": "0755",
        "MainPID": "6286",
        "ManagedOOMMemoryPressure": "auto",
        "ManagedOOMMemoryPressureLimit": "0",
        "ManagedOOMPreference": "none",
        "ManagedOOMSwap": "auto",
        "MemoryAccounting": "yes",
        "MemoryAvailable": "1450225664",
        "MemoryCurrent": "57622528",
        "MemoryDenyWriteExecute": "no",
        "MemoryHigh": "infinity",
        "MemoryKSM": "no",
        "MemoryLimit": "infinity",
        "MemoryLow": "0",
        "MemoryMax": "infinity",
        "MemoryMin": "0",
        "MemoryPeak": "60620800",
        "MemoryPressureThresholdUSec": "200ms",
        "MemoryPressureWatch": "auto",
        "MemorySwapCurrent": "0",
        "MemorySwapMax": "infinity",
        "MemorySwapPeak": "0",
        "MemoryZSwapCurrent": "0",
        "MemoryZSwapMax": "infinity",
        "MountAPIVFS": "no",
        "MountImagePolicy": "root=verity+signed+encrypted+unprotected+absent:usr=verity+signed+encrypted+unprotected+absent:home=encrypted+unprotected+absent:srv=encrypted+unprotected+absent:tmp=encrypted+unprotected+absent:var=encrypted+unprotected+absent",
        "NFileDescriptorStore": "0",
        "NRestarts": "0",
        "NUMAPolicy": "n/a",
        "Names": "pgautofailover.service",
        "NeedDaemonReload": "no",
        "Nice": "0",
        "NoNewPrivileges": "no",
        "NonBlocking": "no",
        "NotifyAccess": "none",
        "OOMPolicy": "stop",
        "OOMScoreAdjust": "0",
        "OnFailureJobMode": "replace",
        "OnSuccessJobMode": "fail",
        "Perpetual": "no",
        "PrivateDevices": "no",
        "PrivateIPC": "no",
        "PrivateMounts": "no",
        "PrivateNetwork": "no",
        "PrivateTmp": "no",
        "PrivateUsers": "no",
        "ProcSubset": "all",
        "ProtectClock": "no",
        "ProtectControlGroups": "no",
        "ProtectHome": "no",
        "ProtectHostname": "no",
        "ProtectKernelLogs": "no",
        "ProtectKernelModules": "no",
        "ProtectKernelTunables": "no",
        "ProtectProc": "default",
        "ProtectSystem": "no",
        "RefuseManualStart": "no",
        "RefuseManualStop": "no",
        "ReloadResult": "success",
        "ReloadSignal": "1",
        "RemainAfterExit": "no",
        "RemoveIPC": "no",
        "Requires": "system.slice -.mount sysinit.target",
        "RequiresMountsFor": "/var/lib/postgresql",
        "Restart": "always",
        "RestartKillSignal": "15",
        "RestartMaxDelayUSec": "infinity",
        "RestartMode": "normal",
        "RestartSteps": "0",
        "RestartUSec": "100ms",
        "RestartUSecNext": "100ms",
        "RestrictNamespaces": "no",
        "RestrictRealtime": "no",
        "RestrictSUIDSGID": "no",
        "Result": "success",
        "RootDirectoryStartOnly": "no",
        "RootEphemeral": "no",
        "RootImagePolicy": "root=verity+signed+encrypted+unprotected+absent:usr=verity+signed+encrypted+unprotected+absent:home=encrypted+unprotected+absent:srv=encrypted+unprotected+absent:tmp=encrypted+unprotected+absent:var=encrypted+unprotected+absent",
        "RuntimeDirectoryMode": "0755",
        "RuntimeDirectoryPreserve": "no",
        "RuntimeMaxUSec": "infinity",
        "RuntimeRandomizedExtraUSec": "0",
        "SameProcessGroup": "no",
        "SecureBits": "0",
        "SendSIGHUP": "no",
        "SendSIGKILL": "yes",
        "SetLoginEnvironment": "no",
        "Slice": "system.slice",
        "StandardError": "inherit",
        "StandardInput": "null",
        "StandardOutput": "journal",
        "StartLimitAction": "none",
        "StartLimitBurst": "0",
        "StartLimitIntervalUSec": "10s",
        "StartupBlockIOWeight": "[not set]",
        "StartupCPUShares": "[not set]",
        "StartupCPUWeight": "[not set]",
        "StartupIOWeight": "[not set]",
        "StartupMemoryHigh": "infinity",
        "StartupMemoryLow": "0",
        "StartupMemoryMax": "infinity",
        "StartupMemorySwapMax": "infinity",
        "StartupMemoryZSwapMax": "infinity",
        "StateChangeTimestamp": "Thu 2026-08-20 12:21:32 UTC",
        "StateChangeTimestampMonotonic": "28575152450",
        "StateDirectoryMode": "0755",
        "StatusErrno": "0",
        "StopWhenUnneeded": "no",
        "SubState": "running",
        "SuccessAction": "none",
        "SurviveFinalKillSignal": "no",
        "SyslogFacility": "3",
        "SyslogLevel": "6",
        "SyslogLevelPrefix": "yes",
        "SyslogPriority": "30",
        "SystemCallErrorNumber": "2147483646",
        "TTYReset": "no",
        "TTYVHangup": "no",
        "TTYVTDisallocate": "no",
        "TasksAccounting": "yes",
        "TasksCurrent": "14",
        "TasksMax": "1741",
        "TimeoutAbortUSec": "1min 30s",
        "TimeoutCleanUSec": "infinity",
        "TimeoutStartFailureMode": "terminate",
        "TimeoutStartUSec": "1min 30s",
        "TimeoutStopFailureMode": "terminate",
        "TimeoutStopUSec": "1min 30s",
        "TimerSlackNSec": "50000",
        "Transient": "no",
        "Type": "simple",
        "UID": "111",
        "UMask": "0022",
        "UnitFilePreset": "enabled",
        "UnitFileState": "enabled",
        "User": "postgres",
        "UtmpMode": "init",
        "WantedBy": "multi-user.target",
        "WatchdogSignal": "6",
        "WatchdogTimestampMonotonic": "0",
        "WatchdogUSec": "0",
        "WorkingDirectory": "/var/lib/postgresql"
    }
}
10.1.1.242 | CHANGED | rc=0 >>
server signaled
10.1.1.242 | SUCCESS => {
    "ansible_facts": {
        "ansible_all_ipv4_addresses": [
            "10.1.1.242"
        ],
        "ansible_all_ipv6_addresses": [
            "fe80::66:3dff:fe73:9145"
        ],
        "ansible_apparmor": {
            "status": "enabled"
        },
        "ansible_architecture": "x86_64",
        "ansible_bios_date": "10/16/2017",
        "ansible_bios_vendor": "Amazon EC2",
        "ansible_bios_version": "1.0",
        "ansible_board_asset_tag": "i-0a231fd3802a8a443",
        "ansible_board_name": "NA",
        "ansible_board_serial": "NA",
        "ansible_board_vendor": "Amazon EC2",
        "ansible_board_version": "NA",
        "ansible_chassis_asset_tag": "Amazon EC2",
        "ansible_chassis_serial": "NA",
        "ansible_chassis_vendor": "Amazon EC2",
        "ansible_chassis_version": "NA",
        "ansible_cmdline": {
            "BOOT_IMAGE": "/vmlinuz-7.0.0-1010-aws",
            "console": "ttyS0",
            "nvme_core.io_timeout": "4294967295",
            "panic": "-1",
            "ro": true,
            "root": "PARTUUID=fe814a98-f7fd-4c3d-9642-c18fe64c6e5d"
        },
        "ansible_date_time": {
            "date": "2026-08-20",
            "day": "20",
            "epoch": "1787228497",
            "epoch_int": "1787228497",
            "hour": "12",
            "iso8601": "2026-08-20T12:21:37Z",
            "iso8601_basic": "20260820T122137280903",
            "iso8601_basic_short": "20260820T122137",
            "iso8601_micro": "2026-08-20T12:21:37.280903Z",
            "minute": "21",
            "month": "08",
            "second": "37",
            "time": "12:21:37",
            "tz": "UTC",
            "tz_dst": "UTC",
            "tz_offset": "+0000",
            "weekday": "Thursday",
            "weekday_number": "4",
            "weeknumber": "33",
            "year": "2026"
        },
        "ansible_default_ipv4": {
            "address": "10.1.1.242",
            "alias": "ens5",
            "broadcast": "",
            "gateway": "10.1.1.1",
            "interface": "ens5",
            "macaddress": "02:66:3d:73:91:45",
            "mtu": 9001,
            "netmask": "255.255.255.0",
            "network": "10.1.1.0",
            "prefix": "24",
            "type": "ether"
        },
        "ansible_default_ipv6": {},
        "ansible_device_links": {
            "ids": {
                "nvme0n1": [
                    "nvme-Amazon_Elastic_Block_Store_vol03c19246750df352c",
                    "nvme-Amazon_Elastic_Block_Store_vol03c19246750df352c_1",
                    "nvme-nvme.1d0f-766f6c3033633139323436373530646633353263-416d617a6f6e20456c617374696320426c6f636b2053746f7265-00000001"
                ],
                "nvme0n1p1": [
                    "nvme-Amazon_Elastic_Block_Store_vol03c19246750df352c-part1",
                    "nvme-Amazon_Elastic_Block_Store_vol03c19246750df352c_1-part1",
                    "nvme-nvme.1d0f-766f6c3033633139323436373530646633353263-416d617a6f6e20456c617374696320426c6f636b2053746f7265-00000001-part1"
                ],
                "nvme0n1p14": [
                    "nvme-Amazon_Elastic_Block_Store_vol03c19246750df352c-part14",
                    "nvme-Amazon_Elastic_Block_Store_vol03c19246750df352c_1-part14",
                    "nvme-nvme.1d0f-766f6c3033633139323436373530646633353263-416d617a6f6e20456c617374696320426c6f636b2053746f7265-00000001-part14"
                ],
                "nvme0n1p15": [
                    "nvme-Amazon_Elastic_Block_Store_vol03c19246750df352c-part15",
                    "nvme-Amazon_Elastic_Block_Store_vol03c19246750df352c_1-part15",
                    "nvme-nvme.1d0f-766f6c3033633139323436373530646633353263-416d617a6f6e20456c617374696320426c6f636b2053746f7265-00000001-part15"
                ],
                "nvme0n1p16": [
                    "nvme-Amazon_Elastic_Block_Store_vol03c19246750df352c-part16",
                    "nvme-Amazon_Elastic_Block_Store_vol03c19246750df352c_1-part16",
                    "nvme-nvme.1d0f-766f6c3033633139323436373530646633353263-416d617a6f6e20456c617374696320426c6f636b2053746f7265-00000001-part16"
                ]
            },
            "labels": {
                "nvme0n1p1": [
                    "cloudimg-rootfs"
                ],
                "nvme0n1p15": [
                    "UEFI"
                ],
                "nvme0n1p16": [
                    "BOOT"
                ]
            },
            "masters": {},
            "uuids": {
                "nvme0n1p1": [
                    "0ef35759-eb42-4358-9a2a-1f74696d7007"
                ],
                "nvme0n1p15": [
                    "886D-F892"
                ],
                "nvme0n1p16": [
                    "8fb95cef-95fc-48ca-aaab-3f1b1df59748"
                ]
            }
        },
        "ansible_devices": {
            "loop0": {
                "holders": [],
                "host": "",
                "links": {
                    "ids": [],
                    "labels": [],
                    "masters": [],
                    "uuids": []
                },
                "model": null,
                "partitions": {},
                "removable": "0",
                "rotational": "0",
                "sas_address": null,
                "sas_device_handle": null,
                "scheduler_mode": "none",
                "sectors": "57752",
                "sectorsize": "512",
                "size": "28.20 MB",
                "support_discard": "4096",
                "vendor": null,
                "virtual": 1
            },
            "loop1": {
                "holders": [],
                "host": "",
                "links": {
                    "ids": [],
                    "labels": [],
                    "masters": [],
                    "uuids": []
                },
                "model": null,
                "partitions": {},
                "removable": "0",
                "rotational": "0",
                "sas_address": null,
                "sas_device_handle": null,
                "scheduler_mode": "none",
                "sectors": "58160",
                "sectorsize": "512",
                "size": "28.40 MB",
                "support_discard": "4096",
                "vendor": null,
                "virtual": 1
            },
            "loop2": {
                "holders": [],
                "host": "",
                "links": {
                    "ids": [],
                    "labels": [],
                    "masters": [],
                    "uuids": []
                },
                "model": null,
                "partitions": {},
                "removable": "0",
                "rotational": "0",
                "sas_address": null,
                "sas_device_handle": null,
                "scheduler_mode": "none",
                "sectors": "151536",
                "sectorsize": "512",
                "size": "73.99 MB",
                "support_discard": "4096",
                "vendor": null,
                "virtual": 1
            },
            "loop3": {
                "holders": [],
                "host": "",
                "links": {
                    "ids": [],
                    "labels": [],
                    "masters": [],
                    "uuids": []
                },
                "model": null,
                "partitions": {},
                "removable": "0",
                "rotational": "0",
                "sas_address": null,
                "sas_device_handle": null,
                "scheduler_mode": "none",
                "sectors": "151512",
                "sectorsize": "512",
                "size": "73.98 MB",
                "support_discard": "4096",
                "vendor": null,
                "virtual": 1
            },
            "loop4": {
                "holders": [],
                "host": "",
                "links": {
                    "ids": [],
                    "labels": [],
                    "masters": [],
                    "uuids": []
                },
                "model": null,
                "partitions": {},
                "removable": "0",
                "rotational": "0",
                "sas_address": null,
                "sas_device_handle": null,
                "scheduler_mode": "none",
                "sectors": "102608",
                "sectorsize": "512",
                "size": "50.10 MB",
                "support_discard": "4096",
                "vendor": null,
                "virtual": 1
            },
            "loop5": {
                "holders": [],
                "host": "",
                "links": {
                    "ids": [],
                    "labels": [],
                    "masters": [],
                    "uuids": []
                },
                "model": null,
                "partitions": {},
                "removable": "0",
                "rotational": "0",
                "sas_address": null,
                "sas_device_handle": null,
                "scheduler_mode": "none",
                "sectors": "102608",
                "sectorsize": "512",
                "size": "50.10 MB",
                "support_discard": "4096",
                "vendor": null,
                "virtual": 1
            },
            "loop6": {
                "holders": [],
                "host": "",
                "links": {
                    "ids": [],
                    "labels": [],
                    "masters": [],
                    "uuids": []
                },
                "model": null,
                "partitions": {},
                "removable": "0",
                "rotational": "0",
                "sas_address": null,
                "sas_device_handle": null,
                "scheduler_mode": "none",
                "sectors": "0",
                "sectorsize": "512",
                "size": "0.00 Bytes",
                "support_discard": "4096",
                "vendor": null,
                "virtual": 1
            },
            "loop7": {
                "holders": [],
                "host": "",
                "links": {
                    "ids": [],
                    "labels": [],
                    "masters": [],
                    "uuids": []
                },
                "model": null,
                "partitions": {},
                "removable": "0",
                "rotational": "0",
                "sas_address": null,
                "sas_device_handle": null,
                "scheduler_mode": "none",
                "sectors": "0",
                "sectorsize": "512",
                "size": "0.00 Bytes",
                "support_discard": "0",
                "vendor": null,
                "virtual": 1
            },
            "nvme0n1": {
                "holders": [],
                "host": "Non-Volatile memory controller: Amazon.com, Inc. NVMe EBS Controller",
                "links": {
                    "ids": [
                        "nvme-Amazon_Elastic_Block_Store_vol03c19246750df352c",
                        "nvme-Amazon_Elastic_Block_Store_vol03c19246750df352c_1",
                        "nvme-nvme.1d0f-766f6c3033633139323436373530646633353263-416d617a6f6e20456c617374696320426c6f636b2053746f7265-00000001"
                    ],
                    "labels": [],
                    "masters": [],
                    "uuids": []
                },
                "model": "Amazon Elastic Block Store",
                "partitions": {
                    "nvme0n1p1": {
                        "holders": [],
                        "links": {
                            "ids": [
                                "nvme-Amazon_Elastic_Block_Store_vol03c19246750df352c-part1",
                                "nvme-Amazon_Elastic_Block_Store_vol03c19246750df352c_1-part1",
                                "nvme-nvme.1d0f-766f6c3033633139323436373530646633353263-416d617a6f6e20456c617374696320426c6f636b2053746f7265-00000001-part1"
                            ],
                            "labels": [
                                "cloudimg-rootfs"
                            ],
                            "masters": [],
                            "uuids": [
                                "0ef35759-eb42-4358-9a2a-1f74696d7007"
                            ]
                        },
                        "sectors": "14677983",
                        "sectorsize": 512,
                        "size": "7.00 GB",
                        "start": "2099200",
                        "uuid": "0ef35759-eb42-4358-9a2a-1f74696d7007"
                    },
                    "nvme0n1p14": {
                        "holders": [],
                        "links": {
                            "ids": [
                                "nvme-Amazon_Elastic_Block_Store_vol03c19246750df352c-part14",
                                "nvme-Amazon_Elastic_Block_Store_vol03c19246750df352c_1-part14",
                                "nvme-nvme.1d0f-766f6c3033633139323436373530646633353263-416d617a6f6e20456c617374696320426c6f636b2053746f7265-00000001-part14"
                            ],
                            "labels": [],
                            "masters": [],
                            "uuids": []
                        },
                        "sectors": "8192",
                        "sectorsize": 512,
                        "size": "4.00 MB",
                        "start": "2048",
                        "uuid": null
                    },
                    "nvme0n1p15": {
                        "holders": [],
                        "links": {
                            "ids": [
                                "nvme-Amazon_Elastic_Block_Store_vol03c19246750df352c-part15",
                                "nvme-Amazon_Elastic_Block_Store_vol03c19246750df352c_1-part15",
                                "nvme-nvme.1d0f-766f6c3033633139323436373530646633353263-416d617a6f6e20456c617374696320426c6f636b2053746f7265-00000001-part15"
                            ],
                            "labels": [
                                "UEFI"
                            ],
                            "masters": [],
                            "uuids": [
                                "886D-F892"
                            ]
                        },
                        "sectors": "217088",
                        "sectorsize": 512,
                        "size": "106.00 MB",
                        "start": "10240",
                        "uuid": "886D-F892"
                    },
                    "nvme0n1p16": {
                        "holders": [],
                        "links": {
                            "ids": [
                                "nvme-Amazon_Elastic_Block_Store_vol03c19246750df352c-part16",
                                "nvme-Amazon_Elastic_Block_Store_vol03c19246750df352c_1-part16",
                                "nvme-nvme.1d0f-766f6c3033633139323436373530646633353263-416d617a6f6e20456c617374696320426c6f636b2053746f7265-00000001-part16"
                            ],
                            "labels": [
                                "BOOT"
                            ],
                            "masters": [],
                            "uuids": [
                                "8fb95cef-95fc-48ca-aaab-3f1b1df59748"
                            ]
                        },
                        "sectors": "1869825",
                        "sectorsize": 512,
                        "size": "913.00 MB",
                        "start": "227328",
                        "uuid": "8fb95cef-95fc-48ca-aaab-3f1b1df59748"
                    }
                },
                "removable": "0",
                "rotational": "0",
                "sas_address": null,
                "sas_device_handle": null,
                "scheduler_mode": "none",
                "sectors": "16777216",
                "sectorsize": "512",
                "serial": "vol03c19246750df352c",
                "size": "8.00 GB",
                "support_discard": "0",
                "vendor": null,
                "virtual": 1
            }
        },
        "ansible_distribution": "Ubuntu",
        "ansible_distribution_file_parsed": true,
        "ansible_distribution_file_path": "/etc/os-release",
        "ansible_distribution_file_variety": "Debian",
        "ansible_distribution_major_version": "24",
        "ansible_distribution_release": "noble",
        "ansible_distribution_version": "24.04",
        "ansible_dns": {
            "nameservers": [
                "127.0.0.53"
            ],
            "options": {
                "edns0": true,
                "trust-ad": true
            },
            "search": [
                "ap-south-1.compute.internal"
            ]
        },
        "ansible_domain": "",
        "ansible_effective_group_id": 0,
        "ansible_effective_user_id": 0,
        "ansible_ens5": {
            "active": true,
            "device": "ens5",
            "features": {
                "esp_hw_offload": "off [fixed]",
                "esp_tx_csum_hw_offload": "off [fixed]",
                "generic_receive_offload": "on",
                "generic_segmentation_offload": "on",
                "highdma": "on",
                "hsr_dup_offload": "off [fixed]",
                "hsr_fwd_offload": "off [fixed]",
                "hsr_tag_ins_offload": "off [fixed]",
                "hsr_tag_rm_offload": "off [fixed]",
                "hw_tc_offload": "off [fixed]",
                "l2_fwd_offload": "off [fixed]",
                "large_receive_offload": "off [fixed]",
                "loopback": "off [fixed]",
                "macsec_hw_offload": "off [fixed]",
                "ntuple_filters": "off [fixed]",
                "receive_hashing": "on",
                "rx_all": "off [fixed]",
                "rx_checksumming": "off [fixed]",
                "rx_fcs": "off [fixed]",
                "rx_gro_hw": "off [fixed]",
                "rx_gro_list": "off",
                "rx_udp_gro_forwarding": "off",
                "rx_udp_tunnel_port_offload": "off [fixed]",
                "rx_vlan_filter": "off [fixed]",
                "rx_vlan_offload": "off [fixed]",
                "rx_vlan_stag_filter": "off [fixed]",
                "rx_vlan_stag_hw_parse": "off [fixed]",
                "scatter_gather": "on",
                "tcp_segmentation_offload": "off",
                "tls_hw_record": "off [fixed]",
                "tls_hw_rx_offload": "off [fixed]",
                "tls_hw_tx_offload": "off [fixed]",
                "tx_checksum_fcoe_crc": "off [fixed]",
                "tx_checksum_ip_generic": "off [fixed]",
                "tx_checksum_ipv4": "on",
                "tx_checksum_ipv6": "off [fixed]",
                "tx_checksum_sctp": "off [fixed]",
                "tx_checksumming": "on",
                "tx_esp_segmentation": "off [fixed]",
                "tx_fcoe_segmentation": "off [fixed]",
                "tx_gre_csum_segmentation": "off [fixed]",
                "tx_gre_segmentation": "off [fixed]",
                "tx_gso_list": "off [fixed]",
                "tx_gso_partial": "off [fixed]",
                "tx_gso_robust": "off [fixed]",
                "tx_ipxip4_segmentation": "off [fixed]",
                "tx_ipxip6_segmentation": "off [fixed]",
                "tx_nocache_copy": "off",
                "tx_scatter_gather": "on",
                "tx_scatter_gather_fraglist": "off [fixed]",
                "tx_sctp_segmentation": "off [fixed]",
                "tx_tcp6_segmentation": "off [fixed]",
                "tx_tcp_accecn_segmentation": "off [fixed]",
                "tx_tcp_ecn_segmentation": "off [fixed]",
                "tx_tcp_mangleid_segmentation": "off [fixed]",
                "tx_tcp_segmentation": "off [fixed]",
                "tx_tunnel_remcsum_segmentation": "off [fixed]",
                "tx_udp_segmentation": "off [fixed]",
                "tx_udp_tnl_csum_segmentation": "off [fixed]",
                "tx_udp_tnl_segmentation": "off [fixed]",
                "tx_vlan_offload": "off [fixed]",
                "tx_vlan_stag_hw_insert": "off [fixed]",
                "vlan_challenged": "off [fixed]"
            },
            "hw_timestamp_filters": [],
            "ipv4": {
                "address": "10.1.1.242",
                "broadcast": "",
                "netmask": "255.255.255.0",
                "network": "10.1.1.0",
                "prefix": "24"
            },
            "ipv6": [
                {
                    "address": "fe80::66:3dff:fe73:9145",
                    "prefix": "64",
                    "scope": "link"
                }
            ],
            "macaddress": "02:66:3d:73:91:45",
            "module": "ena",
            "mtu": 9001,
            "pciid": "0000:00:05.0",
            "promisc": false,
            "timestamping": [],
            "type": "ether"
        },
        "ansible_env": {
            "DBUS_SESSION_BUS_ADDRESS": "unix:path=/run/user/0/bus",
            "HOME": "/root",
            "LANG": "C.UTF-8",
            "LOGNAME": "root",
            "PATH": "/usr/local/sbin:/usr/local/bin:/usr/sbin:/usr/bin:/sbin:/bin:/usr/games:/usr/local/games:/snap/bin",
            "PWD": "/root",
            "SHELL": "/bin/bash",
            "SHLVL": "0",
            "SSH_CLIENT": "10.1.1.236 47860 22",
            "SSH_CONNECTION": "10.1.1.236 47860 10.1.1.242 22",
            "SSH_TTY": "/dev/pts/2",
            "USER": "root",
            "XDG_RUNTIME_DIR": "/run/user/0",
            "XDG_SESSION_CLASS": "user",
            "XDG_SESSION_ID": "68",
            "XDG_SESSION_TYPE": "tty",
            "_": "/bin/sh"
        },
        "ansible_fibre_channel_wwn": [],
        "ansible_fips": false,
        "ansible_form_factor": "Other",
        "ansible_fqdn": "ip-10-1-1-242",
        "ansible_hostname": "ip-10-1-1-242",
        "ansible_hostnqn": "",
        "ansible_interfaces": [
            "lo",
            "ens5"
        ],
        "ansible_is_chroot": false,
        "ansible_iscsi_iqn": "",
        "ansible_kernel": "7.0.0-1010-aws",
        "ansible_kernel_version": "#10~24.04.1-Ubuntu SMP PREEMPT Mon Jul 27 17:41:33 UTC 2026",
        "ansible_lo": {
            "active": true,
            "device": "lo",
            "features": {
                "esp_hw_offload": "off [fixed]",
                "esp_tx_csum_hw_offload": "off [fixed]",
                "generic_receive_offload": "on",
                "generic_segmentation_offload": "on",
                "highdma": "on [fixed]",
                "hsr_dup_offload": "off [fixed]",
                "hsr_fwd_offload": "off [fixed]",
                "hsr_tag_ins_offload": "off [fixed]",
                "hsr_tag_rm_offload": "off [fixed]",
                "hw_tc_offload": "off [fixed]",
                "l2_fwd_offload": "off [fixed]",
                "large_receive_offload": "off [fixed]",
                "loopback": "on [fixed]",
                "macsec_hw_offload": "off [fixed]",
                "ntuple_filters": "off [fixed]",
                "receive_hashing": "off [fixed]",
                "rx_all": "off [fixed]",
                "rx_checksumming": "on [fixed]",
                "rx_fcs": "off [fixed]",
                "rx_gro_hw": "off [fixed]",
                "rx_gro_list": "off",
                "rx_udp_gro_forwarding": "off",
                "rx_udp_tunnel_port_offload": "off [fixed]",
                "rx_vlan_filter": "off [fixed]",
                "rx_vlan_offload": "off [fixed]",
                "rx_vlan_stag_filter": "off [fixed]",
                "rx_vlan_stag_hw_parse": "off [fixed]",
                "scatter_gather": "on",
                "tcp_segmentation_offload": "on",
                "tls_hw_record": "off [fixed]",
                "tls_hw_rx_offload": "off [fixed]",
                "tls_hw_tx_offload": "off [fixed]",
                "tx_checksum_fcoe_crc": "off [fixed]",
                "tx_checksum_ip_generic": "on [fixed]",
                "tx_checksum_ipv4": "off [fixed]",
                "tx_checksum_ipv6": "off [fixed]",
                "tx_checksum_sctp": "on [fixed]",
                "tx_checksumming": "on",
                "tx_esp_segmentation": "off [fixed]",
                "tx_fcoe_segmentation": "off [fixed]",
                "tx_gre_csum_segmentation": "off [fixed]",
                "tx_gre_segmentation": "off [fixed]",
                "tx_gso_list": "on",
                "tx_gso_partial": "off [fixed]",
                "tx_gso_robust": "off [fixed]",
                "tx_ipxip4_segmentation": "off [fixed]",
                "tx_ipxip6_segmentation": "off [fixed]",
                "tx_nocache_copy": "off [fixed]",
                "tx_scatter_gather": "on [fixed]",
                "tx_scatter_gather_fraglist": "on [fixed]",
                "tx_sctp_segmentation": "on",
                "tx_tcp6_segmentation": "on",
                "tx_tcp_accecn_segmentation": "on",
                "tx_tcp_ecn_segmentation": "on",
                "tx_tcp_mangleid_segmentation": "on",
                "tx_tcp_segmentation": "on",
                "tx_tunnel_remcsum_segmentation": "off [fixed]",
                "tx_udp_segmentation": "on",
                "tx_udp_tnl_csum_segmentation": "off [fixed]",
                "tx_udp_tnl_segmentation": "off [fixed]",
                "tx_vlan_offload": "off [fixed]",
                "tx_vlan_stag_hw_insert": "off [fixed]",
                "vlan_challenged": "on [fixed]"
            },
            "hw_timestamp_filters": [],
            "ipv4": {
                "address": "127.0.0.1",
                "broadcast": "",
                "netmask": "255.0.0.0",
                "network": "127.0.0.0",
                "prefix": "8"
            },
            "ipv6": [
                {
                    "address": "::1",
                    "prefix": "128",
                    "scope": "host"
                }
            ],
            "mtu": 65536,
            "promisc": false,
            "timestamping": [],
            "type": "loopback"
        },
        "ansible_loadavg": {
            "15m": 0.04296875,
            "1m": 0.5234375,
            "5m": 0.12841796875
        },
        "ansible_local": {},
        "ansible_locally_reachable_ips": {
            "ipv4": [
                "10.1.1.242",
                "127.0.0.0/8",
                "127.0.0.1"
            ],
            "ipv6": [
                "::1",
                "fe80::66:3dff:fe73:9145"
            ]
        },
        "ansible_lsb": {
            "codename": "noble",
            "description": "Ubuntu 24.04.4 LTS",
            "id": "Ubuntu",
            "major_release": "24",
            "release": "24.04"
        },
        "ansible_lvm": {
            "lvs": {},
            "pvs": {},
            "vgs": {}
        },
        "ansible_machine": "x86_64",
        "ansible_machine_id": "ec2332c0ddf2f0cc05f58d60a9ef1ce0",
        "ansible_memfree_mb": 658,
        "ansible_memory_mb": {
            "nocache": {
                "free": 1527,
                "used": 379
            },
            "real": {
                "free": 658,
                "total": 1906,
                "used": 1248
            },
            "swap": {
                "cached": 0,
                "free": 0,
                "total": 0,
                "used": 0
            }
        },
        "ansible_memtotal_mb": 1906,
        "ansible_mounts": [
            {
                "block_available": 997682,
                "block_size": 4096,
                "block_total": 1758594,
                "block_used": 760912,
                "device": "/dev/root",
                "fstype": "ext4",
                "inode_available": 790994,
                "inode_total": 917504,
                "inode_used": 126510,
                "mount": "/",
                "options": "rw,relatime,discard,errors=remount-ro,commit=30",
                "size_available": 4086505472,
                "size_total": 7203201024,
                "uuid": "0ef35759-eb42-4358-9a2a-1f74696d7007"
            },
            {
                "block_available": 0,
                "block_size": 131072,
                "block_total": 226,
                "block_used": 226,
                "device": "/dev/loop0",
                "fstype": "squashfs",
                "inode_available": 0,
                "inode_total": 14,
                "inode_used": 14,
                "mount": "/snap/amazon-ssm-agent/13009",
                "options": "ro,nodev,relatime,errors=continue,threads=single",
                "size_available": 0,
                "size_total": 29622272,
                "uuid": "N/A"
            },
            {
                "block_available": 0,
                "block_size": 131072,
                "block_total": 228,
                "block_used": 228,
                "device": "/dev/loop1",
                "fstype": "squashfs",
                "inode_available": 0,
                "inode_total": 14,
                "inode_used": 14,
                "mount": "/snap/amazon-ssm-agent/13349",
                "options": "ro,nodev,relatime,errors=continue,threads=single",
                "size_available": 0,
                "size_total": 29884416,
                "uuid": "N/A"
            },
            {
                "block_available": 0,
                "block_size": 131072,
                "block_total": 592,
                "block_used": 592,
                "device": "/dev/loop2",
                "fstype": "squashfs",
                "inode_available": 0,
                "inode_total": 14270,
                "inode_used": 14270,
                "mount": "/snap/core22/2437",
                "options": "ro,nodev,relatime,errors=continue,threads=single",
                "size_available": 0,
                "size_total": 77594624,
                "uuid": "N/A"
            },
            {
                "block_available": 0,
                "block_size": 131072,
                "block_total": 592,
                "block_used": 592,
                "device": "/dev/loop3",
                "fstype": "squashfs",
                "inode_available": 0,
                "inode_total": 14270,
                "inode_used": 14270,
                "mount": "/snap/core22/2411",
                "options": "ro,nodev,relatime,errors=continue,threads=single",
                "size_available": 0,
                "size_total": 77594624,
                "uuid": "N/A"
            },
            {
                "block_available": 0,
                "block_size": 131072,
                "block_total": 401,
                "block_used": 401,
                "device": "/dev/loop5",
                "fstype": "squashfs",
                "inode_available": 0,
                "inode_total": 610,
                "inode_used": 610,
                "mount": "/snap/snapd/27591",
                "options": "ro,nodev,relatime,errors=continue,threads=single",
                "size_available": 0,
                "size_total": 52559872,
                "uuid": "N/A"
            },
            {
                "block_available": 0,
                "block_size": 131072,
                "block_total": 401,
                "block_used": 401,
                "device": "/dev/loop4",
                "fstype": "squashfs",
                "inode_available": 0,
                "inode_total": 610,
                "inode_used": 610,
                "mount": "/snap/snapd/27710",
                "options": "ro,nodev,relatime,errors=continue,threads=single",
                "size_available": 0,
                "size_total": 52559872,
                "uuid": "N/A"
            },
            {
                "block_available": 163019,
                "block_size": 4096,
                "block_total": 225380,
                "block_used": 62361,
                "device": "/dev/nvme0n1p16",
                "fstype": "ext4",
                "inode_available": 57891,
                "inode_total": 58496,
                "inode_used": 605,
                "mount": "/boot",
                "options": "rw,relatime",
                "size_available": 667725824,
                "size_total": 923156480,
                "uuid": "8fb95cef-95fc-48ca-aaab-3f1b1df59748"
            },
            {
                "block_available": 201164,
                "block_size": 512,
                "block_total": 213663,
                "block_used": 12499,
                "device": "/dev/nvme0n1p15",
                "fstype": "vfat",
                "inode_available": 0,
                "inode_total": 0,
                "inode_used": 0,
                "mount": "/boot/efi",
                "options": "rw,relatime,fmask=0077,dmask=0077,codepage=437,iocharset=iso8859-1,shortname=mixed,errors=remount-ro",
                "size_available": 102995968,
                "size_total": 109395456,
                "uuid": "886D-F892"
            }
        ],
        "ansible_nodename": "ip-10-1-1-242",
        "ansible_os_family": "Debian",
        "ansible_pkg_mgr": "apt",
        "ansible_proc_cmdline": {
            "BOOT_IMAGE": "/vmlinuz-7.0.0-1010-aws",
            "console": [
                "tty1",
                "ttyS0"
            ],
            "nvme_core.io_timeout": "4294967295",
            "panic": "-1",
            "ro": true,
            "root": "PARTUUID=fe814a98-f7fd-4c3d-9642-c18fe64c6e5d"
        },
        "ansible_processor": [
            "0",
            "GenuineIntel",
            "Intel(R) Xeon(R) Platinum 8259CL CPU @ 2.50GHz",
            "1",
            "GenuineIntel",
            "Intel(R) Xeon(R) Platinum 8259CL CPU @ 2.50GHz"
        ],
        "ansible_processor_cores": 1,
        "ansible_processor_count": 1,
        "ansible_processor_nproc": 2,
        "ansible_processor_threads_per_core": 2,
        "ansible_processor_vcpus": 2,
        "ansible_product_name": "t3.small",
        "ansible_product_serial": "ec2332c0-ddf2-f0cc-05f5-8d60a9ef1ce0",
        "ansible_product_uuid": "ec2332c0-ddf2-f0cc-05f5-8d60a9ef1ce0",
        "ansible_product_version": "NA",
        "ansible_python": {
            "executable": "/usr/bin/python3",
            "has_sslcontext": true,
            "type": "cpython",
            "version": {
                "major": 3,
                "micro": 3,
                "minor": 12,
                "releaselevel": "final",
                "serial": 0
            },
            "version_info": [
                3,
                12,
                3,
                "final",
                0
            ]
        },
        "ansible_python_version": "3.12.3",
        "ansible_real_group_id": 0,
        "ansible_real_user_id": 0,
        "ansible_selinux": {
            "status": "disabled"
        },
        "ansible_selinux_python_present": true,
        "ansible_service_mgr": "systemd",
        "ansible_ssh_host_key_ecdsa_public": "AAAAE2VjZHNhLXNoYTItbmlzdHAyNTYAAAAIbmlzdHAyNTYAAABBBFIYk9N0Ok+CKGP85n9xa/Yjd2XIZUiNKrwajNGcw9pLC4RTDX7pd1V7bM8ox8Lmx5YAluD6x/V8aiwWWtF/dH8=",
        "ansible_ssh_host_key_ecdsa_public_keytype": "ecdsa-sha2-nistp256",
        "ansible_ssh_host_key_ed25519_public": "AAAAC3NzaC1lZDI1NTE5AAAAIBE5J03Jaojavtic+ivzLcuuEutAJ49bxKCXr5T5l/XR",
        "ansible_ssh_host_key_ed25519_public_keytype": "ssh-ed25519",
        "ansible_ssh_host_key_rsa_public": "AAAAB3NzaC1yc2EAAAADAQABAAABgQCrgQKhk1RpK2hGEusbin9QqyyOxI8jo/VyIe8dZmR3pIfAGqKeZNm+aFZg1ftbh8wkSgjYxQ6677Jd+p0fk9/xvKbYyJx4+5c+zZlhmynfdykTvq//kEhZ67Bu+UE/G0lAZc2aLJxbZqCklNS4glCC2rxSA4qJcTn8mQR4lbUiqszjVmFj7wXsK9kpurqOGTpkxlhFcZh7wj6plQfdVZB++vvZLfBgyhifmS8fPggdVCKyuxugAxglYmJIa+21OFS9V4V5ITL2cGRuWYOgxCMq+swDqwfh8NMbi6ovoqoF8Shn0t4Sy3N5QAD7BGPGd2+JAFOsjah6rFIEZyqYKwm6q/m3MnMPGT+lul/QTrbe/WZjHMdmqLwefmswZVwRdSdCYazgB2Q9liZrOfAeUfz7u+QAOElM5H5Fsxh5GEmrSdgy8UOrxsvN0KifoD6RoQ2dnUNANwhkGRObFWjaPTtScKHgaFHR6u+f4L4o9Wi7kTFfjBUK9k1stPXvdYmJVRM=",
        "ansible_ssh_host_key_rsa_public_keytype": "ssh-rsa",
        "ansible_swapfree_mb": 0,
        "ansible_swaptotal_mb": 0,
        "ansible_system": "Linux",
        "ansible_system_capabilities": [],
        "ansible_system_capabilities_enforced": "False",
        "ansible_system_vendor": "Amazon EC2",
        "ansible_uptime_seconds": 28579,
        "ansible_user_dir": "/root",
        "ansible_user_gecos": "root",
        "ansible_user_gid": 0,
        "ansible_user_id": "root",
        "ansible_user_shell": "/bin/bash",
        "ansible_user_uid": 0,
        "ansible_userspace_architecture": "x86_64",
        "ansible_userspace_bits": "64",
        "ansible_virtualization_role": "guest",
        "ansible_virtualization_tech_guest": [
            "kvm"
        ],
        "ansible_virtualization_tech_host": [],
        "ansible_virtualization_type": "kvm",
        "gather_subset": [
            "all"
        ],
        "module_setup": true
    },
    "changed": false,
    "deprecations": [],
    "warnings": []
}
10.1.1.242 | CHANGED => {
    "changed": true,
    "gid": 114,
    "group": "postgres",
    "mode": "0700",
    "owner": "postgres",
    "path": "/var/lib/postgresql/17/data",
    "size": 4096,
    "state": "directory",
    "uid": 111
}
10.1.1.242 | FAILED | rc=1 >>
12:21:38 6903 ERROR Failed to parse connection string "{'changed': True, 'stdout': '        Type |    Name | Connection String\n-------------+---------+-------------------------------\n     monitor | monitor | postgres://autoctl_node@10.1.1.242:5432/pg_auto_failover?sslmode=require\n   formation | default | ', 'stderr': '', 'rc': 0, 'cmd': 'pg_autoctl show uri --pgdata /var/lib/postgresql/17/monitor\n', 'start': '2026-08-20 12:21:32.876316', 'end': '2026-08-20 12:21:32.914589', 'delta': '0:00:00.038273', 'msg': '', 'stdout_lines': ['        Type |    Name | Connection String', '-------------+---------+-------------------------------', '     monitor | monitor | postgres://autoctl_node@10.1.1.242:5432/pg_auto_failover?sslmode=require', '   formation | default | '], 'stderr_lines': [], 'failed': False}": missing "=" after "{'changed':" in connection info string
 
12:21:38 6903 FATAL Failed to parse --monitor connection string, see above for details.non-zero return code
